id,name,opened,closed,insp_freq,type,latlon
166934,MCDONALDS 27133,2015-07-13,,2,1 - Restaurant,"35.8771424, -78.8509667"
165945,FALAFEL 54,2015-05-27,,4,1 - Restaurant,"35.9034394, -78.8935011"
165223,DELECTABLE-DELECTABLES CATERING LLC,2015-04-29,,2,2 - Food Stands,"35.996597, -78.915869"
166984,TIENDA MI TIERRA,2015-07-14,,3,30 - Meat Market,"35.9594966, -78.9761834"
168390,"WEST END COMMUNITY FOUNDATION,INC",2015-09-08,,2,1 - Restaurant,"35.9894382, -78.9197263"
168440,BLUE CROSS BLUE SHIELD UP5,2015-09-16,,4,1 - Restaurant,"35.955213, -78.964034"
167235,BABA GHANNOUJ,2015-07-27,,4,1 - Restaurant,"35.8809652, -78.8503074"
167716,GARNACHAS RIVERA,2015-08-18,,2,3 - Mobile Food,"38.870274, -76.9383722"
168896,ROOTED PROVISIONS,2015-10-05,,2,2 - Food Stands,"35.9967156, -78.9157737"
169361,HOMEWOOD SUITES FOODSERVICE,2015-10-20,,2,1 - Restaurant,"35.949862, -78.995052"
169900,LUCKY CHICKEN,2015-11-19,,4,1 - Restaurant,"36.0214617, -78.9126936"
169546,BOTTLE 501,2015-10-26,,1,1 - Restaurant,"35.9532, -78.9917418"
169512,"AL-TAIBA HALAL MARKET, LLC",2015-10-27,,3,30 - Meat Market,"35.9972308, -78.9157846"
169676,O SO GOOD KURBSIDE KITCHEN,2015-11-05,,2,3 - Mobile Food,"35.9943725, -78.8815748"
169802,REDPLATE CATERING,2015-11-16,,2,2 - Food Stands,"35.9967156, -78.9157737"
169502,AMERICAN MELTDOWN,2015-10-26,,2,2 - Food Stands,"35.9061727, -78.9390273"
169330,CRISPY GYOZA,2015-10-15,,2,3 - Mobile Food,"35.9943725, -78.8815748"
171246,"FLIK AT FIDELITY,DANBURY HALL",2016-03-01,,4,1 - Restaurant,"35.8786439, -78.84669"
171245,BURGER KING RESTAURANT #399,2016-03-02,,2,1 - Restaurant,"36.0174356, -78.9120788"
172882,SWEET STACEY CAKES,2016-03-29,,2,2 - Food Stands,"35.9967156, -78.9157737"
173055,KANGAROO EXPRESS #2723161,2016-04-06,,2,2 - Food Stands,"36.038043, -78.93014"
173034,TACOS REYES DIAZ,2016-04-05,,2,3 - Mobile Food,"35.990345, -78.8675109"
173032,MORFA EMPANADAS,2016-04-05,,2,3 - Mobile Food,"35.8987439, -78.8503645"
170568,GUASACA AREPA AND SALSA GRILL,2016-01-06,,2,1 - Restaurant,"36.0081313, -78.9261556"
170594,58 FIFTY BISTRO,2016-01-13,,4,1 - Restaurant,"35.9202323, -78.92984"
170739,BUDDHALICIOUS FOOD TRUCK,2016-01-28,,2,3 - Mobile Food,"36.0066658, -78.9477928"
170392,STARICO EL TACO,2015-12-29,,2,3 - Mobile Food,"36.1369289, -78.762172"
170234,TAQUERIA EL BUENGUSTO,2015-12-10,,2,3 - Mobile Food,"35.9886928, -78.8765303"
170776,TACOS EL JAROCHO,2016-02-01,,2,3 - Mobile Food,"35.9817995, -78.8776064"
171195,CUT BAIT CAFE,2016-02-25,,2,3 - Mobile Food,"35.9708359, -78.8668419"
160947,PENN STATION EAST COAST SUBS,2014-10-20,,2,1 - Restaurant,"35.9041882, -78.9534773"
165081,CANTEEN-COMPASS GROUP,2015-04-15,,2,2 - Food Stands,"36.016557, -78.869479"
161640,THE FRESH MARKET MEAT AND SEAFOOD,2014-12-03,,2,2 - Food Stands,"35.9632068, -78.9579208"
161058,FRESH HEALTHY CAFE,2014-10-27,,2,2 - Food Stands,"35.9043093, -78.9411284"
161406,DECADENT CREATIONNS,2014-11-12,,2,2 - Food Stands,"35.996597, -78.915869"
164343,TASTE THE WORLD,2015-03-18,,2,2 - Food Stands,"35.996597, -78.915869"
173820,JAKE'S WAYBACK BURGERS,2016-04-27,,2,1 - Restaurant,"35.8683392, -78.8491334"
173495,LUZ MARIA BARBEITO,2016-04-27,,2,2 - Food Stands,"35.9967156, -78.9157737"
173378,DBAP RIGHT FIELD STAND BBQ,2016-04-21,,2,2 - Food Stands,"35.991585, -78.904016"
173203,TAQUERIA LA FIESTA,2016-04-14,,2,3 - Mobile Food,"36.003665, -78.876469"
173793,HOMECOOK 919,2016-05-09,,2,2 - Food Stands,"35.9967156, -78.9157737"
174032,HUNGRY ROLLER,2016-05-19,,2,3 - Mobile Food,"35.8987439, -78.8503645"
58060,BETHESDA SCHOOL LUNCHROOM,1991-09-19,,4,11 - Public School Lunch,"35.9421575, -78.8386141"
57804,TAQUERIA LA ESPERANZA,2007-01-08,,4,2 - Food Stands,"35.9944791, -78.8828683"
58034,TWINNIES CAFE,2004-12-21,,4,6 - Edu. Food Service,"36.0038751, -78.9411844"
57745,LA PLAZA LATINA TORTILLERIA,2004-05-18,,3,2 - Food Stands,"35.981648, -78.819877"
57719,KROGER  R 331 DELI,1998-10-26,,3,2 - Food Stands,"35.9110368, -78.9375428"
57809,COMPARE FOODS DELI,2007-01-08,,3,2 - Food Stands,"36.0167556, -78.8853454"
57747,SAGE AND SWIFT,2004-05-19,,4,2 - Food Stands,"35.951417, -78.882953"
57827,CIRCLE K # 6312,2007-11-20,,2,2 - Food Stands,"35.9106331, -78.9343683"
57764,KROGER R 374 SEAFOOD,2005-01-10,,2,2 - Food Stands,"35.9527723, -78.9909181"
56693,RUDINO'S,2002-05-17,,4,1 - Restaurant,"36.027145, -78.916354"
56689,KANKI JAPANESE HOUSE OF STEAKS,2002-04-29,,4,1 - Restaurant,"35.950785, -78.994978"
56678,FIREBIRD S ROCKY MOUNTAIN GRIL,2002-04-29,,4,1 - Restaurant,"35.9054031, -78.9450648"
56670,CHAMPPS AMERICANA #65233,2002-03-20,,4,1 - Restaurant,"35.9054031, -78.9450648"
56640,FAMILY FARE  262,2003-07-17,,2,1 - Restaurant,"35.961236, -78.976176"
56727,NANTUCKET CAFE AND GRILL,2002-11-18,,4,1 - Restaurant,"35.912738, -78.984025"
56677,CAPTAIN D S,2002-04-29,,2,1 - Restaurant,"35.9007332, -78.890006"
56735,WENDY'S  8966,2003-01-16,,2,1 - Restaurant,"35.9469202, -78.9215689"
56515,NANA'S,2000-04-27,,4,1 - Restaurant,"35.973935, -78.925094"
56550,MI BARRIO,2000-11-07,,4,1 - Restaurant,"35.9770488, -78.7954523"
55942,SATISFACTION RESTAURANT AND BAR,1993-01-04,,3,1 - Restaurant,"35.9999309, -78.910163"
56479,FOUR SQUARE RESTAURANT,1999-11-03,,4,1 - Restaurant,"35.976819, -78.935722"
56462,HONG KONG CHINESE REST,1999-08-13,,4,1 - Restaurant,"36.033599, -78.929586"
56380,SUBWAY,1998-08-21,,2,1 - Restaurant,"36.077633, -78.909677"
56453,CROASDAILE VILLAGE RETIREMENT C,1999-08-06,,2,1 - Restaurant,"36.0466394, -78.9390772"
56451,PIPER'S IN THE PARK,1999-09-07,,4,1 - Restaurant,"35.9236546, -78.8438803"
56496,MCDONALD S #3573,1990-07-01,,2,1 - Restaurant,"36.0558699, -78.903481"
56174,AMERICAN HERO,1996-01-29,,2,1 - Restaurant,"36.017064, -78.890421"
56209,PIZZA HUT,1996-07-08,,2,1 - Restaurant,"35.950096, -78.836587"
56189,IBM CAFETERIA  306,1996-04-24,,4,1 - Restaurant,"35.903536, -78.855925"
55564,HARDEE'S OF DUKE STREET  1613,1990-07-01,,3,1 - Restaurant,"36.0537865, -78.9037884"
55536,EL RODEO OF DURHAM INC,1990-07-01,,4,1 - Restaurant,"35.9999309, -78.910163"
55750,WENDY'S # 1352,1990-07-01,,2,1 - Restaurant,"36.0181782, -78.9432898"
55853,FOSTER'S MARKET,1990-07-01,,4,1 - Restaurant,"35.9743682, -78.9315641"
55811,SARAH'S  EMPANADAS,1990-07-01,,4,1 - Restaurant,"35.8903019, -78.8961489"
55815,WHEEL'S RECREATION CTR,1990-07-01,,2,1 - Restaurant,"36.003017, -78.86138"
56034,QUALITY MART #34,1994-05-04,,2,1 - Restaurant,"35.883122, -78.849692"
62040,A & D BUFFALO'S,2008-08-12,,4,2 - Food Stands,"36.0201168, -78.9100018"
62371,PANDA EXPRESS 1756,2008-09-10,,3,6 - Edu. Food Service,"36.0038751, -78.9411844"
62906,BUY QUICK FOOD MART,2008-10-02,,2,2 - Food Stands,"35.981085, -78.874761"
63066,SUBWAY 11138,2008-10-10,,2,1 - Restaurant,"35.993456, -78.868094"
59455,FOOD EXPRESS,2008-04-17,,4,1 - Restaurant,"35.9154031, -78.8324741"
60573,PAN PAN DINER,2008-05-22,,4,1 - Restaurant,"36.0201168, -78.9100018"
63526,CHINA MAX,2008-12-08,,4,2 - Food Stands,"35.905837, -78.9377839"
63620,HARRIS TEETER 254 PRODUCE,2009-01-07,,2,2 - Food Stands,"36.056542, -78.930972"
63619,HARRIS TEETER 254 DELI,2009-01-07,,3,2 - Food Stands,"36.056542, -78.930972"
86036,GEER STREET GARDEN,2011-04-27,,4,1 - Restaurant,"36.0032255, -78.9013914"
86348,LA COCINA #9,2011-05-23,,4,1 - Restaurant,"35.9203321, -78.8112362"
85365,TAQUERIA DON BERCERRA,2011-02-22,,4,1 - Restaurant,"36.0558699, -78.903481"
85206,FAMILY FARE INC.,2011-01-24,,2,2 - Food Stands,"35.911522, -78.983202"
86758,CORE CATERING,2011-06-28,,4,2 - Food Stands,"35.9147322, -78.8890411"
85285,JOSEPH M. BUSHFAN DBA JOE'S BIG DOGS DC #24,2011-02-10,,2,3 - Mobile Food,"35.981861, -78.87778"
144730,ATRIA SOUTHPOINT WALK,2013-07-22,,4,1 - Restaurant,"35.921753, -78.9265659"
146560,MCALISTER'S DELI,2013-08-05,,4,1 - Restaurant,"35.954361, -78.9944841"
167237,WENDY'S,2015-07-28,,2,1 - Restaurant,"35.9680418, -78.9546744"
166854,FOOD LION PRODUCE 2646,2015-07-08,,2,2 - Food Stands,"35.9205139, -78.8112223"
167718,FOOD LION PRODUCE  #2589,2015-08-18,,2,2 - Food Stands,"35.9742205, -78.7930157"
167882,TAQUERIA LA ESPERANZA #3,2015-08-24,,2,3 - Mobile Food,"35.994189, -78.882354"
168435,ALOFT DURHAM DOWNTOWN FOOD SERVICE,2015-08-31,,2,1 - Restaurant,"35.9933768, -78.9039337"
168826,PONYSAURUS BREWING CO,2015-09-30,,2,1 - Restaurant,"35.989615, -78.895294"
168372,DANISH MEXICAN RESTAURANT,2015-09-14,,2,2 - Food Stands,"35.981861, -78.87778"
169257,FOOD LION PRODUCE #274,2015-10-14,,2,2 - Food Stands,"35.9218424, -78.9557354"
169513,FOOD LION PRODUCE LLC#1099,2015-10-27,,2,2 - Food Stands,"36.0149473, -78.935229"
169265,FOOD LION PRODUCE #57,2015-10-16,,2,2 - Food Stands,"36.0772958, -78.911113"
168497,SR CATERING,2015-09-21,,2,2 - Food Stands,"35.9967156, -78.9157737"
56761,AMANTE PIZZA,2003-05-15,,3,1 - Restaurant,"35.9495128, -78.9213244"
56806,HAMPTON INN AND SUITES CHAPEL HILL,2003-10-06,,2,1 - Restaurant,"35.910078, -78.982483"
56947,THAI LANA,2005-03-29,,4,1 - Restaurant,"36.1369289, -78.762172"
56928,BOCCI TRATTORIA & PIZZERIA,2005-01-25,,4,1 - Restaurant,"35.9197802, -78.9303108"
56911,CHAI'S NOODLE BAR AND BISTRO,2004-10-20,,4,1 - Restaurant,"36.0064489, -78.9481166"
56868,LA QUINTA INN FOOD SERV  184,2004-05-26,,2,1 - Restaurant,"35.907504, -78.891425"
56849,DRAGON GATE,2001-03-08,,4,1 - Restaurant,"35.9904292, -78.9277985"
56750,CHINA STAR,2003-03-26,,4,1 - Restaurant,"36.032415, -78.9808989"
56907,HONG KONG,2004-10-20,,4,1 - Restaurant,"35.92092, -78.956421"
56906,SUBWAY,2004-10-20,,2,1 - Restaurant,"35.962179, -78.978803"
57061,RANDY'S PIZZA,2006-10-16,,2,1 - Restaurant,"36.0195523, -78.91389"
56977,TYLER'S RESTAURANT AND TAPROOM,2005-08-16,,4,1 - Restaurant,"35.9925755, -78.9051145"
56991,SUPER TARGET DELI 2069,2005-10-20,,3,1 - Restaurant,"35.903933, -78.953081"
57023,DURHAM HILTON FOODSERVICE,2006-04-10,,4,1 - Restaurant,"36.0260192, -78.9565712"
56963,BRIGS AT THE PARK,2005-06-13,,4,1 - Restaurant,"35.8988358, -78.8966496"
56958,I LOVE NY PIZZA,2005-05-17,,2,1 - Restaurant,"35.9560088, -78.9964972"
57078,FIREHOUSE SUBS,2007-01-31,,2,1 - Restaurant,"35.954259, -78.9939091"
57087,CHINA KITCHEN,2007-02-09,,4,1 - Restaurant,"35.9203321, -78.8112362"
57029,CRUIZERS  20,2003-06-18,,2,1 - Restaurant,"35.88854, -78.896054"
56952,ARBY'S 7596,2005-04-27,,2,1 - Restaurant,"35.87726, -78.8509451"
57121,CHINA STAR,2007-05-21,,4,1 - Restaurant,"36.0686368, -78.9075729"
57092,CHICK FIL A @ SOUTH SQUARE,2007-02-09,,2,1 - Restaurant,"35.9649487, -78.959053"
57159,SIX PLATES WINE BAR,2007-12-12,,2,1 - Restaurant,"36.0072372, -78.9471945"
57279,PIZZA HUT DELIVERY,1990-07-01,,2,2 - Food Stands,"35.9647372, -78.9572295"
57102,TWISTED NOODLES,2007-04-13,,4,1 - Restaurant,"46.7534208, -100.7527323"
57210,CIRCLE K STORE #8627,1990-07-01,,2,2 - Food Stands,"35.923972, -78.927029"
57125,BACKYARD BARBQUE PITT,2007-06-19,,4,1 - Restaurant,"35.8950685, -78.8971089"
57278,PIZZA HUT DELIVERY,1990-07-01,,2,2 - Food Stands,"36.058514, -78.927769"
57155,JIMMY JOHN'S 991,2007-12-12,,2,1 - Restaurant,"35.8795925, -78.84693"
57133,JOE VAN GOGH,2007-07-12,,1,1 - Restaurant,"36.015775, -78.918871"
57657,KROGER 332 SEAFOOD,2001-10-29,,2,2 - Food Stands,"36.018334, -78.946488"
57540,WILCO HESS  195,1997-11-20,,2,2 - Food Stands,"35.955965, -78.841725"
57676,HARRIS TEETER #172 DELI,1995-08-10,,2,2 - Food Stands,"35.9597816, -78.9589011"
57663,FOOD LION LLC   DELI  #274,1995-04-03,,2,2 - Food Stands,"35.92092, -78.956421"
57696,ERWIN SQUARE CAFE,2002-09-26,,2,2 - Food Stands,"36.0084941, -78.9257598"
57623,FOOD LION LLC DELI    #1099,1993-02-25,,3,2 - Food Stands,"36.0143674, -78.9340232"
57575,KROGER R 331  SEAFOOD,1998-10-26,,2,2 - Food Stands,"35.9110368, -78.9375428"
57688,CAPITAL SEAFOOD,2002-04-29,,2,2 - Food Stands,"35.984991, -78.911194"
57674,ACADEMY QUICK STOP,1990-07-01,,2,2 - Food Stands,"35.9709843, -78.9435348"
57669,PAPA JOHN S,2002-01-17,,2,2 - Food Stands,"35.9847151, -78.834976"
58066,DURHAM SCHOOL OF THE ARTS,1991-09-24,,3,11 - Public School Lunch,"36.0024013, -78.9063212"
58064,SCHOOL FOR CREATIVE STUDIES JR HIGH SLR,1991-09-11,,3,11 - Public School Lunch,"36.0728241, -78.8210112"
58073,R N HARRIS SCHOOL LUNCHROOM,1991-09-18,,4,11 - Public School Lunch,"35.970352, -78.883777"
58088,NORTHERN HIGH SCHOOL,1991-09-19,,3,11 - Public School Lunch,"36.0916747, -78.914035"
58084,MANGUM SCHOOL LUNCHROOM,1991-09-04,,4,11 - Public School Lunch,"36.170647, -78.876925"
58097,Y E SMITH,1991-09-09,,4,11 - Public School Lunch,"35.9854709, -78.872859"
55958,DUKE HOSPITAL-NORTH CAFE,1993-06-29,,4,1 - Restaurant,"36.0034312, -78.9367186"
56744,KROGER R 381 DELI,2003-03-03,,3,1 - Restaurant,"35.9495128, -78.9213244"
56627,CHINA KING,2002-10-24,,4,1 - Restaurant,"36.0318807, -78.9367959"
56651,EPA CAFETERIA,2002-01-03,,4,1 - Restaurant,"35.8824634, -78.8726494"
56668,NORDSTROM CAFE BISTRO,2002-03-20,,4,1 - Restaurant,"35.905837, -78.9377839"
56734,JASON S DELI,2002-12-20,,4,1 - Restaurant,"35.9542754, -78.9947058"
56681,TOMMY'S MINI MART,2002-04-29,,2,1 - Restaurant,"35.944998, -78.837612"
56548,EL CUSCATLECO,2001-03-08,,4,1 - Restaurant,"35.960262, -78.976395"
56688,MCDONALDS #5625,1999-01-15,,2,1 - Restaurant,"35.9021505, -78.8955547"
56642,KFC/TACO BELL,2001-11-29,,3,1 - Restaurant,"35.945496, -78.83854"
56545,SHANGHAI RESTAURANT,2000-11-07,,4,1 - Restaurant,"36.018998, -78.9450369"
56466,CHICK-FIL-A,1999-08-13,,3,1 - Restaurant,"36.0552119, -78.9034271"
56460,CHINA BUFFET,1999-08-13,,4,1 - Restaurant,"35.969184, -78.951782"
56389,METRO EXPRESS MARKET & GRILL,1998-09-18,,4,1 - Restaurant,"36.0091139, -78.943083"
56173,TACO BELL HILLSBOROUGH RD,1996-01-29,,3,1 - Restaurant,"36.022444, -78.952744"
56328,SHRIMP BOAT,1998-01-16,,4,1 - Restaurant,"35.9743989, -78.9287649"
56227,LATIN AMERICAN FOODS,1996-10-10,,4,1 - Restaurant,"35.9896699, -78.857735"
56503,MCDONALD  5234,2000-02-02,,2,1 - Restaurant,"35.970174, -78.958421"
56540,BEAN TRADERS,2000-09-22,,1,1 - Restaurant,"35.9098291, -78.9313605"
56312,ARBY'S,1997-10-28,,2,1 - Restaurant,"35.9024458, -78.8951707"
56673,CALIFORNIA PIZZA KITCHEN,2002-03-20,,4,1 - Restaurant,"35.905837, -78.9377839"
57822,NORTHGATE STADIUM 10,2007-09-26,,2,2 - Food Stands,"36.0201168, -78.9100018"
57702,BETH EL SYNAGOGUE,2002-11-18,,4,2 - Food Stands,"36.010325, -78.9109137"
57775,HARRIS TEETER  172 PRODUCE,2005-06-13,,2,2 - Food Stands,"35.9597816, -78.9589011"
58061,BROGDEN MIDDLE LUNCHROOM,1991-09-16,,3,11 - Public School Lunch,"36.02554, -78.9080775"
57720,LA SUPERIOR MARKET HOT FOOD,2003-06-17,,4,2 - Food Stands,"36.0558699, -78.903481"
57981,CRESSET CHRISTIAN ACADEMY,1991-09-09,,4,5 - Private Schools Lunchroom,"35.972536, -78.9725969"
58040,WYNN CENTER CAFETERIA,2006-08-03,,4,6 - Edu. Food Service,"35.9723523, -78.8810393"
56029,HANDY CHINESE RESTAURANT,1994-03-28,,4,1 - Restaurant,"36.076511, -78.911225"
55642,NEO CHINA,1990-07-01,,4,1 - Restaurant,"35.9645316, -78.9564501"
56060,WEST 94TH ST PUB,1994-09-01,,4,1 - Restaurant,"35.92092, -78.956421"
55960,DUKE REGIONAL HOSPITAL CAFETERIA,1993-06-29,,4,1 - Restaurant,"36.0368173, -78.9000443"
55769,ROY'S KOUNTRY KITCHEN,1990-07-01,,4,1 - Restaurant,"35.969242, -78.902645"
56020,CHUCK E CHEESE,1994-03-03,,2,1 - Restaurant,"35.9688329, -78.952373"
55562,HARDEE'S #1624,1990-07-01,,2,1 - Restaurant,"35.9004717, -78.8888877"
55922,HARDEE'S,1992-08-31,,3,1 - Restaurant,"35.9109089, -78.984442"
55519,DEVINE'S RESTAURANT,1990-07-01,,3,1 - Restaurant,"36.000466, -78.909301"
56052,BLEU OLIVE,1994-08-09,,4,1 - Restaurant,"36.0318807, -78.9367959"
58104,OAK GROVE SCHOOL LUNCHROOM,1993-05-25,,4,11 - Public School Lunch,"35.979946, -78.819459"
58149,DURHAM RIDGE ASSISTED LIVING IFS,2007-02-15,,4,16 - Institutional Food Service,"35.9846727, -78.8348083"
58147,CEDARS OF CHAPEL HILL IFS,2004-09-08,,4,16 - Institutional Food Service,"35.9094231, -79.0050117"
58117,W G PEARSON SCHOOL LUNCHROOM,2006-10-16,,4,11 - Public School Lunch,"35.9574787, -78.9077139"
58124,CARVER LIVING CENTER IFS,2003-10-21,,2,16 - Institutional Food Service,"36.042196, -78.8931267"
58099,SOUTHWEST ELEMENTARY LUNCHROOM,1991-09-10,,4,11 - Public School Lunch,"35.9285086, -78.9239182"
58106,LITTLE RIVER LUNCHROOM,1993-08-24,,4,11 - Public School Lunch,"36.0991954, -78.8657965"
58110,GEORGE WATTS LUNCHROOM,1995-05-16,,4,11 - Public School Lunch,"36.008179, -78.910126"
58316,WHOLE FOODS/MEAT MARKET,1997-02-17,,3,30 - Meat Market,"36.0060497, -78.9198098"
114540,EL CORRAL MEXICAN RESTAURANT INC,2012-12-14,,4,1 - Restaurant,"42.0884065, -86.358866"
106959,VIT GOAL TOFU RESTAURANT,2012-10-08,,4,1 - Restaurant,"35.899123, -78.895312"
106871,PIZZERIA TORO,2012-09-27,,4,1 - Restaurant,"35.9969741, -78.9038459"
106684,MCDONALD'S,2012-09-04,,2,1 - Restaurant,"35.948754, -78.923923"
114453,COMFORT SUITES RTP/RDU FOODSERVICES,2012-12-05,,4,1 - Restaurant,"35.880082, -78.843367"
106533,BURGER KING #944,2012-09-10,,2,1 - Restaurant,"35.950498, -78.838223"
116023,MOLCAJATE DC # 131,2013-01-28,,2,3 - Mobile Food,"36.1369289, -78.762172"
106738,MAMA'S HOT CHICKEN,2012-09-05,,2,3 - Mobile Food,"36.1369289, -78.762172"
117370,SHARKYS EATS AND 8,2013-03-12,,4,1 - Restaurant,"36.0326696, -78.9825002"
116753,ROOKIES SPORTS PARK,2013-04-02,,4,1 - Restaurant,"35.8845033, -78.8460076"
116601,TACOS SANJUAN,2013-03-25,,2,3 - Mobile Food,"35.9817448, -78.8774623"
116951,RUSSELLS FAMOUS HOTDOGS,2013-04-22,,2,4 - Push Carts,"35.970766, -78.866791"
156320,KAIYUH SERVICES LLC,2014-08-05,,4,1 - Restaurant,"35.8840533, -78.8838408"
156209,HYATT PLACE DURHAM / SOUTHPOINT,2014-07-28,,2,1 - Restaurant,"35.9007999, -78.9614996"
155460,ALL AMERICAN FOOD TRUCK,2014-06-25,,2,3 - Mobile Food,"35.9817448, -78.8774623"
99010,WE BEA GRILLIN,2012-03-06,,4,1 - Restaurant,"35.9944625, -78.8815739"
99043,TOLEDO'S II,2012-03-05,,4,1 - Restaurant,"35.9267017, -79.1622125"
97944,BUFFALO WILD WINGS,2012-01-25,,4,1 - Restaurant,"35.906188, -78.936307"
99042,TOLEDO'S II MARKET,2012-03-05,,3,30 - Meat Market,"35.9267017, -79.1622125"
97852,M & M FOOD MART,2012-01-10,,2,2 - Food Stands,"35.981142, -78.876519"
97942,DUKE MEDICAL CENTER,2012-01-23,,2,1 - Restaurant,"36.0049928, -78.936397"
97903,SPROUT CAFE,2012-01-18,,4,1 - Restaurant,"36.0293105, -78.8992776"
98152,AMERICAN MELTDOWN DC #6 PAUL INSERRA,2012-02-21,,2,3 - Mobile Food,"36.1369289, -78.762172"
105962,VINE JAPANESE AND THAI,2012-08-30,,4,1 - Restaurant,"36.0061055, -78.919808"
105972,THE COOKERY,2012-08-30,,4,1 - Restaurant,"35.996597, -78.915869"
100865,MATEO,2012-07-26,,4,1 - Restaurant,"35.996719, -78.904807"
100939,CHARLEY'S PHILLY STEAKS,2012-08-06,,2,2 - Food Stands,"35.905837, -78.9377839"
100726,QUICK MEAL,2012-07-05,,2,2 - Food Stands,"35.996917, -78.9160805"
100235,PORCHETTA MFU AND CATERING,2012-06-11,,2,3 - Mobile Food,"36.1369289, -78.762172"
106505,L & D GROCERY & GRILL,2012-09-12,,2,2 - Food Stands,"35.9783591, -78.87114"
147039,THE LOOP,2013-08-26,,4,1 - Restaurant,"36.0020023, -78.9415819"
144483,"SOIGNE SPECIAL EVENTS ,LLC",2013-07-15,,2,2 - Food Stands,"35.996597, -78.915869"
147038,RED MANGO,2013-08-26,,2,2 - Food Stands,"36.0020023, -78.9415819"
147040,ICHIBAN,2013-08-21,,4,2 - Food Stands,"36.1369289, -78.762172"
151286,HARRIS TEETER STARBUCKS,2013-10-24,,2,2 - Food Stands,"36.0104241, -78.9240421"
151387,FAIRFIELD INN & SUITES BY MARRIOTT  SOUTHPOINT,2013-10-30,,2,1 - Restaurant,"35.90203, -78.958995"
152033,POMPIERI PIZZA,2013-12-19,,4,1 - Restaurant,"35.9958445, -78.8996129"
147728,DON MARCELO'S,2013-09-23,,4,1 - Restaurant,"36.0064489, -78.9481166"
152316,PHO 9N9,2014-01-13,,4,1 - Restaurant,"35.9236546, -78.8438803"
151462,ELEMENTS,2013-11-05,,1,1 - Restaurant,"36.0293105, -78.8992776"
147288,KOKYU ONDO,2013-09-04,,2,3 - Mobile Food,"35.898608, -78.894478"
153172,PDQ,2014-03-13,,2,1 - Restaurant,"35.9528713, -78.9897001"
155179,BLUE STINGRAY,2014-06-11,,4,1 - Restaurant,"36.0495727, -78.9046188"
154722,MCDONALD'S @ THE VILLAGE,2014-05-22,,2,1 - Restaurant,"35.993118, -78.869064"
153000,RED STAR CHINESE BUFFET,2014-03-04,,4,1 - Restaurant,"35.9001415, -78.8945629"
154051,MCDONALD'S 35265,2014-04-28,,2,1 - Restaurant,"36.0760582, -78.9097019"
155146,BO'S KITCHEN,2014-06-11,,2,3 - Mobile Food,"36.1369289, -78.762172"
152548,LITTLE CAESARS,2014-01-30,,2,2 - Food Stands,"35.8988358, -78.8966676"
154721,PUPUSERIA TAQUERIA AMIGOS,2014-05-22,,2,3 - Mobile Food,"35.9817995, -78.8776064"
155372,TACOS TAMAULIPAS,2014-06-23,,2,3 - Mobile Food,"35.9817995, -78.8776064"
161082,SAM'S SOUTHERN EATERY,2014-10-28,,4,1 - Restaurant,"35.991601, -78.867649"
160955,ROLLIN DOGS,2014-10-22,,2,3 - Mobile Food,"35.9708168, -78.8667609"
76606,THE COTTON ROOM,2009-10-21,,4,1 - Restaurant,"35.9899642, -78.891468"
77013,BEYU CAFFE,2009-12-07,,4,1 - Restaurant,"35.9966046, -78.9036183"
70446,DOS PERROS RESTAURANT,2009-08-04,,4,1 - Restaurant,"35.9957448, -78.8999616"
70783,RUTH'S CHRIS STEAK HOUSE,2009-08-14,,4,1 - Restaurant,"35.9023263, -78.9386027"
70505,SHOP & GO FOOD MART GRILL,2009-08-05,,3,1 - Restaurant,"36.033166, -78.981084"
70984,CHICK-FIL-A,2009-09-04,,3,2 - Food Stands,"35.905837, -78.9377839"
76607,LINA'S CAFE,2009-10-23,,3,1 - Restaurant,"35.8809652, -78.8502892"
170647,RANDY'S PIZZA EXPRESS,2016-01-19,,2,2 - Food Stands,"36.0201796, -78.910022"
170358,DUKE REGIONAL HOSPITAL TEMP KITCHEN,2015-12-23,,4,16 - Institutional Food Service,"36.0377616, -78.8991858"
170283,STARBUCKS COFFEE CO,2015-12-16,,2,1 - Restaurant,"35.970042, -78.959396"
170345,COOK OUT,2015-12-21,,2,1 - Restaurant,"35.8992976, -78.8958364"
170282,WAFFLE HOUSE,2015-12-16,,2,1 - Restaurant,"35.91373, -78.8915619"
170357,TAQUERIA EL ABUELO,2015-12-23,,2,3 - Mobile Food,"36.1369289, -78.762172"
170567,HEALTHY GOURMET,2016-01-12,,2,2 - Food Stands,"35.9967156, -78.9157737"
170048,AKASHI,2015-12-01,,4,1 - Restaurant,"35.901566, -78.891508"
173856,DUKE UNIVERSITY WEST UNION JB'S ROAST & CHOPS,2016-05-10,,4,6 - Edu. Food Service,"36.0015142, -78.9391908"
173857,DUKE UNIVERSITY WEST UNION GINGER & SOY,2016-05-10,,4,6 - Edu. Food Service,"36.0015142, -78.9391908"
173375,DURHAM BULLS ATHLETIC PARK PNC CLUB,2016-04-21,,2,1 - Restaurant,"35.991585, -78.904016"
173987,LITTLER,2016-05-12,,4,1 - Restaurant,"35.9952125, -78.8998725"
173373,DBAP LEFT FIELD STAND MOE'S SW,2016-04-21,,4,2 - Food Stands,"35.991585, -78.904016"
173043,WILLIAM'S HOTDOGS,2016-04-06,,2,4 - Push Carts,"36.0266627, -78.9230692"
173293,WINKIES DOGS,2016-04-18,,2,4 - Push Carts,"35.9817448, -78.8774623"
173012,PAUL J RIZZO CONFERENCE CENTER,2016-03-31,,4,1 - Restaurant,"35.9120329, -79.0053045"
173014,SYNENTA BIOTECHNOLOGY INC,2016-03-31,,4,1 - Restaurant,"35.897713, -78.856819"
170965,NANA STEAK,2016-02-04,,4,1 - Restaurant,"35.9933768, -78.9039337"
170665,M SUSHI,2016-01-20,,4,1 - Restaurant,"35.9980744, -78.9011268"
173029,LA TROPICALE CATERING AND PINNACLE CULINARY,2016-04-05,,2,2 - Food Stands,"35.8987439, -78.8503645"
172532,KANGAROO EXPRESS #2723442 LITTLE CAESARS#2724245,2016-03-07,,2,2 - Food Stands,"35.9315032, -78.8093591"
172902,THE CAFE AT THE PLAZA,2016-03-30,,4,1 - Restaurant,"35.8807907, -78.8406611"
55468,BISCUITVILLE - 103,1990-07-01,,3,1 - Restaurant,"36.0166255, -78.9108906"
174066,DUKE UNIVERSITY WEST UNION MAIN KITCHEN,2016-05-19,,4,6 - Edu. Food Service,"36.0015142, -78.9391908"
58127,CAMILLA GARDENS IFS,2003-10-23,,4,16 - Institutional Food Service,"35.890374, -78.886049"
58128,ELLISON REST HOME IFS,2003-10-23,,2,16 - Institutional Food Service,"35.8969749, -78.9393844"
58370,SUPER TARGET MEAT DEPT 2069,2005-10-20,,3,30 - Meat Market,"35.903933, -78.953081"
58361,FOOD LION MEAT MARKET  2889,2004-06-15,,3,30 - Meat Market,"35.974571, -78.792911"
58363,KROGER R 374 MEAT MARKET,2005-01-10,,3,30 - Meat Market,"35.9527723, -78.9909181"
58352,DON BECERRA'S,2003-10-06,,3,30 - Meat Market,"36.0558699, -78.903481"
58372,LA MARQUETA,2006-04-03,,3,30 - Meat Market,"36.032329, -78.9823679"
55558,THE GROVE CAFE,1990-07-01,,2,1 - Restaurant,"35.9846477, -78.8310258"
55790,PIZZA HUT,1990-07-01,,2,1 - Restaurant,"35.9024793, -78.8953248"
56171,TACO BELL,1996-01-29,,2,1 - Restaurant,"36.053066, -78.905038"
57187,LOCAL  22 KITCHEN AND BAR,2008-04-18,,4,1 - Restaurant,"36.0084941, -78.9257598"
57162,CHIPOTLE MEXICAN GRILL,2007-12-12,,4,1 - Restaurant,"36.0092684, -78.9448144"
57285,SAVORY FARE INC,1990-07-01,,4,2 - Food Stands,"36.000577, -78.90958"
57158,ALPACA,2007-12-12,,4,1 - Restaurant,"36.018182, -78.888429"
57178,CHICK-FIL-A RENAISSANCE VILLAG,2008-02-20,,3,1 - Restaurant,"35.901696, -78.958056"
57168,MCDONALDS # 32344,2008-03-31,,2,1 - Restaurant,"36.021392, -78.95245"
57190,CHUBBYS TACOS,2008-04-18,,4,1 - Restaurant,"36.0094168, -78.9220666"
56830,P F CHANG S CHINA BISTRO,2003-12-15,,4,1 - Restaurant,"35.9048743, -78.9378205"
56827,SUPER TAQUERIA,2003-11-17,,4,1 - Restaurant,"36.0552119, -78.9034271"
57003,PULCINELLA,2006-01-04,,4,1 - Restaurant,"35.92092, -78.956421"
56994,THAI CHINA BUFFET,2006-01-06,,4,1 - Restaurant,"35.8988358, -78.8966496"
57000,SUBWAY,2006-01-04,,2,1 - Restaurant,"35.993719, -78.8995489"
56738,NEW CHINA,1997-10-29,,4,1 - Restaurant,"35.90988, -78.985209"
56784,QUALITY MART  43,2003-06-18,,2,1 - Restaurant,"35.929529, -78.843512"
56752,Q SHACK,2003-03-26,,4,1 - Restaurant,"35.974627, -78.92429"
57017,BENETIS,2006-03-08,,4,1 - Restaurant,"35.8903019, -78.8961489"
56892,EMC 2,2004-08-30,,4,1 - Restaurant,"35.919575, -78.8783632"
57057,RED ROBIN GOURMET BURGERS,2007-01-10,,4,1 - Restaurant,"35.9543748, -78.9944911"
57117,BULL MCCABE'S,2007-04-30,,4,1 - Restaurant,"35.9972612, -78.9050737"
57107,EL RODEO,2007-04-13,,4,1 - Restaurant,"35.9658142, -78.9616338"
57040,TONALI RESTAURANT,2006-07-19,,4,1 - Restaurant,"35.957006, -78.955977"
57042,MCDONALDS,2006-08-03,,2,1 - Restaurant,"35.9985209, -78.899509"
57145,PALACE INTERNATIONAL,2007-09-25,,4,1 - Restaurant,"36.015775, -78.918871"
57091,STARBUCK'S  9715,2007-02-09,,2,1 - Restaurant,"36.1369289, -78.762172"
57019,HOLIDAY INN EXPRESS,2006-04-10,,2,1 - Restaurant,"35.88885, -78.849738"
57097,DAIN'S PLACE,2007-02-16,,4,1 - Restaurant,"36.0095559, -78.9218834"
57058,METRO 8,2007-01-09,,4,1 - Restaurant,"36.0093682, -78.9220702"
57616,FOOD LION DELI  #57,1997-07-16,,2,2 - Food Stands,"36.076511, -78.911225"
57548,PAPA JOHN  PIZZA  1626,1998-02-16,,2,2 - Food Stands,"36.0495727, -78.9046188"
57446,KROGER R 337 DELI,1994-12-05,,2,2 - Food Stands,"36.0683077, -78.9074185"
57565,PAPA JOHNS PIZZA,1998-07-23,,2,2 - Food Stands,"35.8988327, -78.8966316"
57682,VILLA PIZZA,2002-04-29,,4,2 - Food Stands,"35.905837, -78.9377839"
57626,WILCO HESS 191,1999-11-02,,2,2 - Food Stands,"36.003952, -78.879122"
57713,COOK OUT  22,2003-05-15,,3,2 - Food Stands,"36.023393, -78.954955"
58125,BROOKDALE MEMORY CHAPEL HILL IFS,2003-10-23,,4,16 - Institutional Food Service,"35.9083019, -78.9851046"
58123,BROOKDALE DURHAM IFS,2003-10-15,,4,16 - Institutional Food Service,"36.0467802, -78.8895483"
58083,LOWES GROVE MIDDLE SCHOOL LUNCHROOM,1991-09-09,,4,11 - Public School Lunch,"35.9048134, -78.8890161"
58094,RIVERSIDE SCHOOL LUNCHROOM,1991-09-10,,3,11 - Public School Lunch,"36.069719, -78.932597"
58116,CREEKSIDE ELEMENTARY,2005-01-26,,4,11 - Public School Lunch,"35.927341, -78.9934679"
58107,SOUTHERN HIGH SCHOOL LUNCHROOM,1993-08-23,,3,11 - Public School Lunch,"35.99889, -78.826954"
58109,HILLANDALE SCHOOL LUNCHROOM,1994-02-16,,4,11 - Public School Lunch,"36.052487, -78.932664"
58105,GLENN SCHOOL LUNCHROOM,1993-08-24,,4,11 - Public School Lunch,"36.029499, -78.837487"
58065,CLUB BLVD SCHOOL LUNCHROOM,1991-09-09,,4,11 - Public School Lunch,"36.018985, -78.89736"
58301,KROGER 332 MEAT MARKET,1994-09-07,,3,30 - Meat Market,"36.018334, -78.946488"
151678,HILTON GARDEN INN,2013-11-19,,4,1 - Restaurant,"36.0084941, -78.9257598"
152412,PEONY ASIAN BISTRO,2014-01-14,,4,1 - Restaurant,"35.9514597, -78.989425"
148160,GUSSYS,2013-10-10,,2,1 - Restaurant,"35.9236546, -78.8438803"
152750,HUNGRY LEAF,2014-02-19,,3,1 - Restaurant,"36.0092684, -78.9448144"
152150,DURHAM REGENT,2014-01-03,,4,1 - Restaurant,"35.9735299, -78.961789"
151406,HARRIS TEETER  DELI,2013-10-31,,4,2 - Food Stands,"36.0104241, -78.9240421"
153120,EMPIRE EATS CATERING RED AC46414,2014-03-11,,2,3 - Mobile Food,"36.003314, -78.8995939"
118945,JUMBO CHINA,2013-05-29,,4,1 - Restaurant,"35.9609465, -78.9594059"
168040,MAMA VOULA'S,2015-08-31,,2,3 - Mobile Food,"35.9826428, -78.8778187"
169672,ZAXBY'S RESTAURANT,2015-11-04,,4,1 - Restaurant,"35.9585263, -78.9400645"
170061,JOE VAN GOGH,2015-11-30,,2,1 - Restaurant,"35.9218424, -78.9557354"
169545,DUNKIN DONUTS,2015-10-27,,2,1 - Restaurant,"36.0188024, -78.9485396"
170208,KANGAROO EXPRESS 2723780,2015-12-09,,2,2 - Food Stands,"35.9332616, -78.8880906"
170207,KANGAROO EXPRESS 2720838,2015-12-09,,2,2 - Food Stands,"35.9557996, -78.8907591"
170209,KANGAROO EXPRESS 2723781,2015-12-09,,2,2 - Food Stands,"35.910163, -78.934186"
169617,BORICUA SOUL,2015-10-29,,2,3 - Mobile Food,"35.9943725, -78.8815748"
169841,TACO EXPRESS,2015-11-13,,2,3 - Mobile Food,"36.0159768, -78.8884264"
170211,KANGAROO EXPRESS 2723489,2015-12-09,,2,2 - Food Stands,"35.9016711, -78.9574192"
170566,GOOD STUFF CATERING,2016-01-12,,2,2 - Food Stands,"35.9967156, -78.9157737"
170217,FRUTERIA Y RASPADOS GALVEZ,2015-12-10,,2,3 - Mobile Food,"35.9817995, -78.8776064"
170572,AV GOURMET,2016-01-12,,2,2 - Food Stands,"35.9967156, -78.9157737"
170774,FLIRTING WITH FIRE,2016-02-01,,2,3 - Mobile Food,"35.968657, -78.953113"
170645,THE FARMERY,2016-01-19,,2,3 - Mobile Food,"35.8963935, -78.8699321"
164337,JIMMY JOHN'S GOURMET SANDWICH SHOP,2015-03-17,,2,1 - Restaurant,"35.953309, -78.991716"
164247,DURHAM CO OP MARKET,2015-03-11,,4,1 - Restaurant,"35.996435, -78.916603"
165039,B SWEET & SAVORY @ KESTREL S ALSTON,2015-04-14,,4,2 - Food Stands,"35.8982429, -78.8899772"
164452,CHEF ON PREMISE CATERING,2015-03-23,,2,2 - Food Stands,"35.996597, -78.915869"
164095,WILL AND POPS 2 (DCE-7139),2015-03-03,,2,3 - Mobile Food,"35.9878882, -78.8781996"
165914,EPA CHAMO VENEZUELAN AREPAS BAR AND GRILL,2015-05-27,,4,1 - Restaurant,"36.0087749, -78.9218719"
166537,EL-CHAPIN,2015-06-12,,4,1 - Restaurant,"35.9624556, -78.9790042"
165984,3 MEATS   AD-75091,2015-06-01,,2,3 - Mobile Food,"35.9944629, -78.8816381"
166372,GREEDY'Z CHEESESTEAKS AND HOAGIES,2015-06-17,,2,3 - Mobile Food,"35.9817995, -78.8776064"
165892,PORCHETTA,2015-05-20,,4,2 - Food Stands,"35.9045771, -78.9416507"
166181,SOUL COCINA LLC,2015-06-09,,2,2 - Food Stands,"35.9920769, -78.9221385"
165204,80 FRESH,2015-04-28,,4,2 - Food Stands,"35.996597, -78.915869"
166488,ROUTE BISTRO,2015-06-24,,2,3 - Mobile Food,"35.981861, -78.87778"
170823,PANADERIA AND RESTAURANT YARELI,2016-02-03,,4,1 - Restaurant,"35.9596994, -78.9758987"
173204,AZTECA GRILL,2016-04-13,,4,1 - Restaurant,"35.9872724, -78.9258397"
173011,THE FARMERY-COMMISSARY,2016-04-04,,2,2 - Food Stands,"35.8963935, -78.8699321"
171039,NOSH SAMMICHES,2016-02-18,,2,3 - Mobile Food,"36.0069778, -78.946862"
173221,HAPPY + HALE,2016-04-14,,3,1 - Restaurant,"36.0079177, -78.9224203"
174146,BEYU CAFFE,2016-05-24,,4,1 - Restaurant,"35.996634, -78.903935"
173677,THAI 55,2016-05-02,,4,1 - Restaurant,"35.901372, -78.896347"
173505,CAJUN CAFE AND GRILL,2016-04-26,,4,2 - Food Stands,"36.0201796, -78.910022"
173456,JUST WINGN' IT,2016-04-25,,2,2 - Food Stands,"35.9967156, -78.9157737"
173783,GOOD IS GOOD,2016-05-09,,2,2 - Food Stands,"35.9967156, -78.9157737"
173462,SAMANTAS PUPUSAS,2016-04-26,,2,3 - Mobile Food,"35.9817995, -78.8776064"
173383,QUESO MONSTER,2016-04-21,,2,3 - Mobile Food,"35.981861, -78.87778"
55567,HARDEE'S OF WELLON VILLAGE 135,1990-07-01,,3,1 - Restaurant,"35.9631567, -78.8455317"
55702,SHERATON IMPERIAL HOTEL,1990-07-01,,4,1 - Restaurant,"35.8792966, -78.8387417"
55585,ITALIAN PIZZERIA,1990-07-01,,3,1 - Restaurant,"35.9875283, -78.8878053"
55703,BEL GUSTO,1990-07-01,,4,1 - Restaurant,"36.0111429, -78.953045"
55688,SALADELIA,1990-07-01,,4,1 - Restaurant,"35.9647372, -78.9572295"
55472,BOJANGLES #9,1990-07-01,,3,1 - Restaurant,"35.9624681, -78.9770852"
55586,ITALIAN PIZZERIA,1990-07-01,,4,1 - Restaurant,"36.0594323, -78.929001"
57166,LONE STAR STEAKHOUSE & SALOON,2008-01-23,,4,1 - Restaurant,"35.9543748, -78.9944911"
57137,ROMA'S PIZZA SHOP,2007-08-23,,2,1 - Restaurant,"36.219124, -78.9236546"
57147,TOWN & COUNTRY # 1,2007-10-18,,4,1 - Restaurant,"36.0275251, -78.8704273"
57150,SUBWAY 40733,2007-11-20,,2,1 - Restaurant,"35.9203321, -78.8112362"
57123,POMODORO,2007-05-21,,4,1 - Restaurant,"36.02946, -78.93655"
57164,FIREHOUSE SUBS # 325,2008-01-23,,3,1 - Restaurant,"36.0092684, -78.9448144"
57163,HILTON GARDEN INN CAFE,2008-01-23,,4,1 - Restaurant,"35.9023263, -78.9386027"
57153,STARBUCK'S COFFEE #10564,2007-11-20,,2,1 - Restaurant,"35.879303, -78.847374"
57116,SHEETZ 398,2007-04-30,,2,1 - Restaurant,"35.9245551, -78.8461787"
57122,TOKYO EXPRESS,2007-05-21,,4,1 - Restaurant,"36.037533, -78.929917"
56459,ORIENT GARDEN,1999-09-09,,4,1 - Restaurant,"35.9110368, -78.9375428"
56445,MARRIOT DURHAM CITY CENTER,1999-05-28,,4,1 - Restaurant,"35.9976427, -78.9020617"
56521,ARBY'S  148,2000-05-26,,2,1 - Restaurant,"36.076563, -78.908914"
56350,ROLLINGVIEW MARINA SNACK BAR,1998-04-28,,2,1 - Restaurant,"36.005194, -78.712385"
56291,BOB EVANS FARM REST #321,1997-08-14,,4,1 - Restaurant,"35.9512684, -78.9954212"
56333,GOLDEN CORRAL  637,1998-02-16,,4,1 - Restaurant,"36.0174342, -76.6906313"
56405,COURTYARD CAFE,1999-01-05,,2,1 - Restaurant,"35.904731, -78.8961252"
56337,JAMES JOYCE,1998-02-16,,4,1 - Restaurant,"36.0007469, -78.909858"
56436,SUBWAY,1992-07-24,,2,1 - Restaurant,"36.023075, -78.953953"
56630,ARROWHEAD INN,2001-11-08,,4,1 - Restaurant,"36.11826, -78.903672"
57186,MELO TRATORIA & TAPAS,2008-04-18,,4,1 - Restaurant,"36.0318807, -78.9367959"
57172,STAYBRIDGE SUITES BREAKFAST BA,2008-02-20,,2,1 - Restaurant,"35.9487209, -78.9948257"
57756,KROGER 337,2004-06-15,,3,2 - Food Stands,"36.0683077, -78.9074185"
57751,HAN DEE HUGOS  77,2004-05-26,,2,2 - Food Stands,"36.016588, -78.912238"
57180,TOAST,2008-03-19,,4,1 - Restaurant,"35.9964199, -78.9031385"
57617,FOOD LION LLC  DELI  #1343,2000-07-28,,2,2 - Food Stands,"35.9904292, -78.9277985"
57749,FOOD LION LLC  #2593 DELI,2004-05-26,,2,2 - Food Stands,"35.963705, -78.908401"
57730,FOOD LION DELI  747 DELI,1995-05-22,,2,2 - Food Stands,"36.0476091, -78.9057208"
57578,DUKE FOOD SERVICES,1998-10-26,,4,2 - Food Stands,"36.1369289, -78.762172"
57659,FOOD LION DELI 885,1990-07-01,,2,2 - Food Stands,"35.8988358, -78.8966496"
58100,C C SPAULDING,1991-09-18,,4,11 - Public School Lunch,"35.977736, -78.905587"
58092,PEARSONTOWN SCHOOL LUNCHROOM,1991-09-10,,4,11 - Public School Lunch,"35.931954, -78.907853"
58090,PARKWOOD ELEMENTARY LUNCHROOM,1991-09-12,,4,11 - Public School Lunch,"35.8914339, -78.905692"
58067,EASLEY ELEMENTARY SCHOOL,1991-09-05,,4,11 - Public School Lunch,"36.075276, -78.926638"
58108,FOREST VIEW LUNCHROOM,1993-09-30,,4,11 - Public School Lunch,"35.988694, -78.991347"
58113,HOPE VALLEY LUNCHROOM,2001-03-08,,3,11 - Public School Lunch,"35.9671266, -78.9399258"
58055,LITTLE RIVER ELDERLY NUTRITION,1997-09-08,,4,9 - Elderly Nutrition,"36.1458326, -78.9050679"
56992,SUPER TARGET FOOD AVENUE 2069,2005-10-20,,2,1 - Restaurant,"35.903933, -78.953081"
56987,MT FUJI SUSHI AND BAR,2005-10-20,,4,1 - Restaurant,"35.9999309, -78.910163"
56974,MELLOW MUSHROOM,2005-07-29,,3,1 - Restaurant,"35.9918074, -78.9054343"
58349,KROGER R 381 MEAT MARKET,2003-03-03,,3,30 - Meat Market,"35.9495128, -78.9213244"
58340,COSTCO FRESH MEATS,2001-01-31,,3,30 - Meat Market,"36.028911, -78.914527"
58342,LEONE INTERNATIONAL GROCERY/MEAT MARKET,2001-08-17,,3,30 - Meat Market,"35.9852856, -78.8989425"
58359,LA PLAZA LATINA CARNICERIA,2004-05-19,,3,30 - Meat Market,"35.981648, -78.819877"
58365,HARRIS TEETER MEAT MARKET  172,2005-06-13,,3,30 - Meat Market,"35.9597816, -78.9589011"
58362,SAMS CLUB 4831 MEAT MARKET,2004-09-29,,3,30 - Meat Market,"35.9672299, -78.9561251"
58376,COMPARE FOODS SUPERMARKET,2007-12-12,,3,30 - Meat Market,"35.9856779, -78.9099895"
58318,TOM INSCOE WHOLESALE MEATS,1997-04-09,,3,30 - Meat Market,"35.916602, -78.889663"
58332,FOOD LION MARKET 234,1994-09-07,,3,30 - Meat Market,"35.9898862, -78.8567627"
58334,FOOD LION  MARKET 1099,1994-07-13,,3,30 - Meat Market,"36.0143674, -78.9340232"
63586,DUNKIN DONUTS,2008-12-19,,2,1 - Restaurant,"35.9054033, -78.9166521"
63718,SPRING VALLEY ELEMENTARY SCHOOL LUNCHROOM,2009-01-05,,4,11 - Public School Lunch,"35.959161, -78.816511"
68678,MEDITERRA GRILL,2009-02-17,,3,1 - Restaurant,"36.0092684, -78.9448144"
63362,COSTA AZUL ELADIO MFU,2008-11-12,,2,3 - Mobile Food,"36.0290679, -78.9261326"
87200,SANDY RIDGE ELEM. SCHOOL,2011-08-02,,4,11 - Public School Lunch,"36.057295, -78.8715"
81236,HOPE VALLEY DINER AND CATERING,2010-06-26,,4,1 - Restaurant,"35.956193, -78.956087"
82872,GSK R&D 5,2010-07-19,,4,1 - Restaurant,"35.927402, -78.86174"
80350,RESIDENCE INN BY MARRIOTT,2010-04-29,,2,1 - Restaurant,"35.9040309, -78.8973979"
82879,SANDERS CAFÃ‰ AT GSK RTP,2010-07-19,,4,1 - Restaurant,"35.927402, -78.86174"
81241,NEO JAPAN,2010-06-28,,4,1 - Restaurant,"35.867914, -78.849309"
80697,SYNGENTA CAFE,2010-05-26,,3,1 - Restaurant,"35.870165, -78.862515"
81079,MAMA JEAN'S COMMISSARY,2010-06-16,,2,2 - Food Stands,"35.9825514, -78.8779146"
61761,HARRIS TEETER 224 PRODUCE,2008-07-23,,2,2 - Food Stands,"35.9181281, -78.9584305"
61571,GOLDEN KRUST,2008-07-14,,4,1 - Restaurant,"36.0495727, -78.9046188"
62656,COSTA AZUL MFU/ LATIN GRILL,2008-09-18,,2,3 - Mobile Food,"36.0290679, -78.9261326"
62738,JIMMY JOHN'S,2008-09-30,,2,1 - Restaurant,"35.9054033, -78.9166521"
61692,COSTA AZUL,2008-07-10,,4,1 - Restaurant,"36.0290679, -78.9261326"
86255,FIVE GUYS BURGERS AND FRIES,2011-05-16,,2,1 - Restaurant,"35.952197, -78.993073"
86258,GRILL 2 BEER,2011-05-16,,4,1 - Restaurant,"34.7525338, -79.078181"
86682,EUREST DINING AT BCBSNC CSC BUILDING,2011-06-21,,4,1 - Restaurant,"35.95822, -78.96133"
85338,HILTON GARDEN INN RTP,2011-02-16,,2,1 - Restaurant,"35.893119, -78.8487959"
85648,CARLIE C'S IGA (MEAT MARKET),2011-03-21,,3,30 - Meat Market,"35.9817487, -78.8222882"
86489,LEVIN JEWISH COMMUNITY CENTER,2011-06-02,,2,2 - Food Stands,"35.9793571, -78.9555614"
85646,CARLIE C'S IGA (DELI),2011-03-21,,2,2 - Food Stands,"35.9817487, -78.8222882"
86361,PIE PUSHERS,2011-05-24,,2,3 - Mobile Food,"36.1369289, -78.762172"
83192,PIEDMONT RESTAURANT,2010-08-10,,4,1 - Restaurant,"35.999561, -78.901818"
84870,JC'S KITCHEN,2010-12-02,,4,1 - Restaurant,"35.990155, -78.892686"
84872,SERENA,2010-12-07,,4,1 - Restaurant,"35.880705, -78.849392"
84930,COMA RICO,2010-12-08,,2,3 - Mobile Food,"36.077633, -78.909677"
84441,DOMINO'S PIZZA,2010-10-20,,2,2 - Food Stands,"35.9027092, -78.9060168"
87449,CARR BUILDING CAFETERIA (DSA),2011-08-24,,4,11 - Public School Lunch,"36.002815, -78.907228"
97735,TOP'S CHINA,2012-01-03,,4,1 - Restaurant,"35.95521, -78.993982"
88751,TOOTIE'S GRILL AND CAFE,2011-11-28,,2,2 - Food Stands,"35.9817448, -78.8774623"
57711,KROGER R 381 SEAFOOD,2003-03-03,,2,2 - Food Stands,"35.9495128, -78.9213244"
57697,INTIMATE AFFAIRS CATERING,2002-10-09,,4,2 - Food Stands,"36.0238003, -78.950243"
57656,KROGER R 332 PRODUCE,2001-10-29,,2,2 - Food Stands,"36.018334, -78.946488"
57752,HAN DEE HUGOS  76,2004-05-26,,2,2 - Food Stands,"35.9652756, -78.8466426"
57646,COOK OUT DURHAM ROX,2001-06-08,,2,2 - Food Stands,"36.0558699, -78.903481"
57710,COOK OUT MIAMI BLVD  21,2003-03-03,,3,2 - Food Stands,"35.950721, -78.839123"
57661,FOOD LION LLC DELI  #420,2000-07-28,,2,2 - Food Stands,"36.058514, -78.927769"
57795,WHOLE FOODS SPECIALITY,2006-05-12,,2,2 - Food Stands,"36.006329, -78.9198006"
57789,WHOLE FOODS PRODUCE,2006-02-03,,2,2 - Food Stands,"36.0064988, -78.9199179"
58138,KINDRED HEALTH CARE-ROSE MANOR FS,2003-10-21,,2,16 - Institutional Food Service,"36.0552119, -78.9034271"
58119,W G PEARSON MAGNET MIDDLE SCH,2007-09-26,,3,11 - Public School Lunch,"35.981986, -78.8965149"
58148,EDEN SPRING LIVING CENTER IFS,2005-03-08,,4,16 - Institutional Food Service,"35.95076, -78.906744"
58139,SPRING ARBOR IFS,2003-10-23,,4,16 - Institutional Food Service,"35.926283, -78.9542358"
58112,EASTWAY LUNCHROOM,1996-01-23,,4,11 - Public School Lunch,"35.990755, -78.885157"
58095,ROGERS HERR SCHOOL LUNCHROOM,1991-09-04,,3,11 - Public School Lunch,"35.9734173, -78.9335357"
58096,SHEPARD MIDDLE SCHOOL LUNCHROOM,1991-11-20,,3,11 - Public School Lunch,"35.966287, -78.900761"
58087,NEAL SCHOOL LUNCHROOM,1991-09-05,,3,11 - Public School Lunch,"35.978485, -78.782902"
58336,FOOD LION MEAT MARKET 57,1994-08-22,,3,30 - Meat Market,"36.076511, -78.911225"
58343,MOROLEON CARNICERIA/MEAT MARKET,2001-08-17,,3,30 - Meat Market,"35.9943952, -78.8707952"
59460,DUNKIN DONUTS BASKIN ROBBINS,2008-04-17,,2,1 - Restaurant,"36.0092684, -78.9448144"
60441,NOODLES & COMPANY,2008-06-13,,4,1 - Restaurant,"36.0092684, -78.9448144"
59618,RANDY'S PIZZA,2008-05-21,,3,1 - Restaurant,"35.959915, -78.959326"
156089,HEAVENLY SMOKE,2014-07-21,,2,3 - Mobile Food,"35.967981, -78.9605009"
159842,ICHIBAN HIBACHI SUPREME BUFFET,2014-09-10,,4,1 - Restaurant,"36.0170574, -78.8867045"
159946,THE GLASS JUG,2014-09-11,,2,1 - Restaurant,"36.1369289, -78.762172"
156318,B SWEET AND SAVORY,2014-08-06,,2,2 - Food Stands,"35.996597, -78.915869"
160144,TIA'S HOTDOGS,2014-09-24,,2,4 - Push Carts,"36.076511, -78.911225"
156319,HEAVENLY BUFFALOES,2014-08-05,,2,2 - Food Stands,"36.009669, -78.920306"
155320,MCDONALD'S,2014-06-18,,2,1 - Restaurant,"36.029871, -78.926023"
155364,BEER DURHAM,2014-06-23,,2,1 - Restaurant,"36.00039, -78.903111"
155152,EL TORITO BRAVO,2014-06-11,,2,3 - Mobile Food,"35.9825514, -78.8779146"
161632,JUJU,2014-11-26,,4,1 - Restaurant,"36.0079812, -78.9224509"
160739,MARCO'S PIZZA,2014-10-13,,2,1 - Restaurant,"35.9054033, -78.9166521"
161554,THE BOOT,2014-11-20,,4,1 - Restaurant,"35.9742367, -78.9235238"
161512,TAQUERIA LA FIESTA,2014-11-19,,4,1 - Restaurant,"36.003665, -78.876469"
160738,SOOM SOOM PITA POCKETS,2014-10-14,,2,3 - Mobile Food,"35.9832115, -78.9311482"
163964,COUNTING HOUSE,2015-02-19,,4,1 - Restaurant,"35.9959681, -78.9018033"
162305,JFK TOWERS,2015-01-29,,4,12 - Elderly Nutrition,"36.0646335, -78.9049102"
164021,BLAKE'S CONEY ISLAND,2015-02-23,,2,4 - Push Carts,"36.0495727, -78.9046188"
162244,PHOLICIOUS,2015-01-22,,2,2 - Food Stands,"35.9034702, -78.9430079"
161744,PUPUSERIA LA METAPANECA,2014-12-15,,4,2 - Food Stands,"35.9907553, -78.8592243"
164501,SALT BOX SEAFOOD JOINT,2015-03-25,,2,3 - Mobile Food,"35.999977, -78.8961488"
164634,SUBHERO,2015-04-01,,2,2 - Food Stands,"35.996597, -78.915869"
164448,PUPUSERIA ANITA,2015-03-18,,2,3 - Mobile Food,"35.9817995, -78.8776064"
167678,DAME'S EXPRESS,2015-08-17,,4,1 - Restaurant,"36.0051174, -78.929192"
167828,DURHAM BULLS ATHLETIC PARK CART #1,2015-08-20,,2,4 - Push Carts,"35.991585, -78.904016"
167255,THE DOG HOUSE,2015-07-29,,2,2 - Food Stands,"35.9917592, -78.8688635"
167339,THE DOG HOUSE,2015-08-03,,2,2 - Food Stands,"36.0766306, -78.911423"
165701,RENAISSANCE INTERNATIONAL,2015-05-19,,4,1 - Restaurant,"35.9671059, -78.8948522"
165199,"SPREAD CATERING AND EVENTS CO,LLC",2015-04-28,,2,2 - Food Stands,"35.996597, -78.915869"
166080,AR- RAZAQ ISLAMIC CENTER,2014-06-07,,2,2 - Food Stands,"35.9920769, -78.9221385"
165949,EMPIRE EATS FOOD TRUCK (RED TRUCK),2015-05-28,,2,3 - Mobile Food,"36.0035359, -78.8996989"
165674,RICKHOUSE CVK,2015-05-18,,4,2 - Food Stands,"36.002705, -78.901697"
166576,TACOS GARCIA #2,2015-06-30,,2,3 - Mobile Food,"35.9817995, -78.8776064"
166402,TAN-DURM,2015-06-18,,2,3 - Mobile Food,"35.9944629, -78.8816381"
167996,VEGAN FLAVA CAFE,2015-08-26,,2,1 - Restaurant,"35.968309, -78.9599701"
168232,STARBUCKS COFFEE 23693,2015-09-03,,2,1 - Restaurant,"36.0480735, -78.9036208"
116548,SHIKI SUSHI20,2013-03-19,,4,1 - Restaurant,"35.9100008, -78.9319462"
118944,TACO BELL,2013-05-30,,3,1 - Restaurant,"35.965281, -78.960148"
122001,ROSES MEAT MARKET AND SWEET SHOP,2013-06-17,,4,1 - Restaurant,"36.00075, -78.90898"
117140,DENNY'S,2013-05-02,,4,1 - Restaurant,"36.1369289, -78.762172"
122075,THE PATRON MEXICAN GRILL,2013-06-25,,4,1 - Restaurant,"36.020183, -78.9468179"
147883,GUCKENHEIMER  AT AICPA,2013-09-30,,4,1 - Restaurant,"35.917063, -78.98248"
147246,TOWN HALL BURGER AND BEER,2013-09-03,,2,1 - Restaurant,"35.8487709, -78.9568048"
144484,BARTLETT RESERVE IFS,2013-07-15,,4,16 - Institutional Food Service,"35.900273, -78.900912"
147881,HWY 55,2013-09-30,,4,1 - Restaurant,"36.028474, -78.843786"
147270,LITTLE CAESARS,2013-09-03,,2,2 - Food Stands,"36.0686368, -78.9075729"
153435,AMC SOUTHPOINT 17,2014-03-31,,2,1 - Restaurant,"35.905837, -78.9377839"
153386,CHIPOTLE MEXICAN GRILL,2014-03-26,,2,1 - Restaurant,"35.953309, -78.991716"
154254,MONTE BELLO,2014-05-05,,4,1 - Restaurant,"36.0376952, -78.8925067"
154895,GOCCIOLINA,2014-05-29,,4,1 - Restaurant,"36.038914, -78.928953"
154904,THE VEGAN LOVER,2014-05-29,,2,2 - Food Stands,"35.996597, -78.915869"
174065,DUKE UNIVERSITY WEST UNION DISHROOM/POTWASH,2016-05-19,,4,6 - Edu. Food Service,"36.0015142, -78.9391908"
174277,HEAVENLY TASTE,2016-05-31,,2,4 - Push Carts,"35.9708359, -78.8668419"
174180,THE TOT SPOT,2016-05-25,,2,3 - Mobile Food,"35.9708359, -78.8668419"
55461,BANH'S CUISINE,1990-07-01,,4,1 - Restaurant,"36.009448, -78.921726"
55528,DURHAM EXCHANGE CLUB CAFETERIA,1990-07-01,,4,1 - Restaurant,"35.9754982, -78.8774343"
55502,CIRCUS FOOD STORES,1990-07-01,,2,1 - Restaurant,"35.981648, -78.819877"
55471,BOJANGLES #4,1990-07-01,,3,1 - Restaurant,"35.8999267, -78.8963118"
98198,LA REGIA DOMINICAN MEXICAN REST & GRILL 55,2012-02-21,,1,1 - Restaurant,"36.0174342, -76.6906313"
99795,DOUBLETREE BY HILTON RTP FOODSERVICE,2012-05-08,,4,1 - Restaurant,"35.88409, -78.844218"
100291,NC SCHOOL OF MATH AND SCIENCE LUNCHROOM,2012-06-20,,4,11 - Public School Lunch,"36.0183916, -78.9207067"
97837,HAMPTON INN & SUITES,2012-01-09,,2,1 - Restaurant,"36.018433, -78.905995"
97943,SAIGON GRILL,2012-01-23,,4,1 - Restaurant,"36.0558699, -78.903481"
97999,S & D'S BOSS OF DOGS,2012-02-01,,2,4 - Push Carts,"36.006928, -78.8858659"
98003,SARGE'S CHEF ON WHEELS DC #68,2012-02-01,,2,3 - Mobile Food,"36.1369289, -78.762172"
99540,TACOS LAURITA DC #83,2012-04-25,,2,3 - Mobile Food,"36.1369289, -78.762172"
100023,SHORT WINTER SOUPS,2012-05-24,,2,2 - Food Stands,"36.1369289, -78.762172"
99388,TROPICAL DELIGHT DC #74,2011-06-07,,2,3 - Mobile Food,"36.1915153, -94.1457929"
88511,JIMMYS FAMOUS HOT DOGS,2011-11-01,,2,1 - Restaurant,"36.030637, -78.92731"
88485,BULL STREETGOURMET AND MARKET,2011-11-15,,2,1 - Restaurant,"35.956193, -78.956087"
97795,DURHAM ATHLETIC PARK,2012-01-04,,2,2 - Food Stands,"36.00285, -78.902568"
87907,TOOTIE'S MOBILE KITCHEN DC #55,2011-09-26,,2,3 - Mobile Food,
100960,BURGER KING #17454,2012-08-09,,2,1 - Restaurant,"35.875506, -78.8513585"
105853,THE CUPCAKE BAR,2012-08-27,,1,1 - Restaurant,"35.9969738, -78.9038974"
101023,RIB MASTER III DC #107,2012-08-13,,2,3 - Mobile Food,"36.1369289, -78.762172"
100682,MANNA CONCESSIONS DC #97,2012-07-18,,2,3 - Mobile Food,"35.970766, -78.866791"
105996,THE REFECTORY CAFE,2012-08-29,,4,1 - Restaurant,"35.974361, -78.933036"
114211,AI FUJI JAPANESE STEAK HOUSE,2012-11-06,,4,1 - Restaurant,"35.9110368, -78.9375428"
116361,MICKY'S CHICKEN,2013-03-05,,3,2 - Food Stands,"36.0201168, -78.9100018"
114431,BAJA SHACK,2012-11-20,,4,2 - Food Stands,"36.0201168, -78.9100018"
116409,HEALTHY CUISINE TO GO,2013-03-06,,2,2 - Food Stands,"36.038914, -78.928953"
114666,NOSH @ JO RAE CAFE,2013-01-02,,2,2 - Food Stands,"36.0062476, -78.9381071"
61758,HARRIS TEETER 224 DELI,2008-07-23,,3,2 - Food Stands,"35.9054033, -78.9166521"
60912,SEASONS AT SOUTHPOINT IFS,2008-07-02,,4,16 - Institutional Food Service,"35.9066202, -78.9208009"
61935,HOLIDAY INN EXPRESS DURHAM,2008-07-31,,2,1 - Restaurant,"36.027762, -78.923442"
61037,THE MAD HATTER,2008-07-01,,4,1 - Restaurant,"36.0063599, -78.9201546"
59457,DICKY'S BARBECUE,2008-04-23,,4,1 - Restaurant,"35.954361, -78.9944841"
69955,KROGER R 366 SEAFOOD,2009-06-18,,2,2 - Food Stands,"36.0287149, -78.9207364"
56949,NEW CHINA,2005-04-25,,4,1 - Restaurant,"35.974571, -78.792911"
57063,NANTUCKET GRILL AND BAR,2007-01-09,,4,1 - Restaurant,"35.9214443, -78.9284012"
56989,CHEESECAKE FACTORY/DURHAM NC,2005-10-20,,4,1 - Restaurant,"35.9054031, -78.9450648"
57010,TOMATO JAKE'S PIZZERIA,2006-02-02,,4,1 - Restaurant,"35.9032602, -78.9537014"
56953,CAROLINA ALE HOUSE,2005-04-27,,4,1 - Restaurant,"35.968844, -78.9568017"
56904,NEW VISIONS OF AFRICA,2004-10-20,,3,1 - Restaurant,"35.980885, -78.899669"
57105,HOG HEAVEN,2007-04-13,,4,1 - Restaurant,"36.0265359, -78.9227744"
56702,QUIZNO'S SUBS #1756,2002-06-21,,3,1 - Restaurant,"35.880705, -78.849392"
56809,IHOP,2003-11-06,,2,1 - Restaurant,"36.0291845, -78.9216791"
56819,WOK N GRILL,2002-10-22,,4,1 - Restaurant,"35.880705, -78.849392"
56748,PHILLY STEAK FACTORY,1995-11-28,,3,1 - Restaurant,"35.9542502, -78.9947594"
56838,MOE'S SOUTH WEST GRILL,2004-03-08,,3,1 - Restaurant,"35.9044607, -78.9356763"
56676,WANG S GARDEN,2002-04-29,,4,1 - Restaurant,"35.9848654, -78.8990434"
56655,BASF CAFETERIA,1996-07-08,,4,1 - Restaurant,"35.8894033, -78.8654299"
56664,BIOGEN CAFE 35,2002-02-21,,4,1 - Restaurant,"35.8722137, -78.8686732"
56657,WENDY S   #15,2002-01-17,,3,1 - Restaurant,"35.944992, -78.838598"
56656,CHELSEA CAFE,2002-01-17,,2,1 - Restaurant,"35.87712, -78.84266"
57825,PAPA JOHNS,2007-10-18,,2,2 - Food Stands,"35.9555, -78.993425"
58004,BLUE EXPRESS/CO DUKE UNI,1994-11-21,,4,6 - Edu. Food Service,"36.1369289, -78.762172"
58038,DIVINITY CAFE,2006-07-19,,4,6 - Edu. Food Service,"36.1369289, -78.762172"
58023,MCDONALDS,2000-02-02,,2,6 - Edu. Food Service,"36.1369289, -78.762172"
57799,LA VAQUITA  #1,2006-07-19,,4,2 - Food Stands,"35.976912, -78.936461"
57982,MT ZION CHURCH LUNCHROOM,1991-09-05,,4,5 - Private Schools Lunchroom,"35.956303, -78.906401"
58052,W D HILL SERVICE CENTER,1992-08-24,,4,9 - Elderly Nutrition,"35.980718, -78.899876"
58039,EAGLES NEST FOOD COURT,2006-08-03,,4,6 - Edu. Food Service,"35.9753548, -78.8997323"
56051,AMERICAN LEGION POST 7,1994-08-09,,2,1 - Restaurant,"36.005941, -78.888092"
55834,ITALIAN PIZZERIA,1990-07-01,,4,1 - Restaurant,"36.0476091, -78.9057208"
56130,LAS PALMAS,1995-08-31,,4,1 - Restaurant,"35.981648, -78.819877"
56134,WASHINGTON DUKE HOTEL,1995-08-31,,4,1 - Restaurant,"35.9932522, -78.9483372"
56150,HOME PLATE RESTAURANT,1995-10-13,,4,1 - Restaurant,"35.984243, -78.831404"
56102,TOP'S CHINA RESTAURANT,1995-03-07,,4,1 - Restaurant,"35.9859586, -78.909639"
56177,BISCUITVILLE  160,1996-03-01,,2,1 - Restaurant,"36.017483, -78.942825"
55748,WENDY'S #1355,1990-07-01,,3,1 - Restaurant,"35.9001905, -78.8962281"
55737,VILLAGE BOWL,1990-07-01,,2,1 - Restaurant,"35.993673, -78.864641"
56023,EL DORADO'S #6,1994-02-03,,4,1 - Restaurant,"35.8988358, -78.8966496"
58122,BRIAN CENTER HEALTH RETIREMENT IFS,2003-10-23,,2,16 - Institutional Food Service,"35.917703, -78.932279"
58141,TROSA IFS,2003-11-12,,4,16 - Institutional Food Service,"36.004515, -78.898448"
58335,FOOD LION MEAT MARKET #747,1994-09-07,,3,30 - Meat Market,"36.0476091, -78.9057208"
58312,KROGER R/MEAT MARKET 337,1994-12-05,,3,30 - Meat Market,"36.0683077, -78.9074185"
58360,FOOD LION MEAT MARKET  2593,2004-05-26,,3,30 - Meat Market,"35.963705, -78.908401"
58374,COMPARE FOODS MEAT MARKET,2007-01-08,,3,30 - Meat Market,"36.0167556, -78.8853454"
58369,FOOD WORLD/MEAT MARKET,2005-10-20,,3,30 - Meat Market,"35.987775, -78.899964"
58331,FOOD LION  MARKET 939,1996-01-30,,3,30 - Meat Market,"36.0330243, -78.97822"
58351,LA SUPERIOR MEAT MARKET,2003-06-20,,3,30 - Meat Market,"36.0558699, -78.903481"
61757,SALADELIA AT ATC,2008-07-22,,2,1 - Restaurant,"35.992273, -78.9050087"
86969,HAPPY CHINA SICHUAN CUISINE,2011-07-12,,4,1 - Restaurant,"35.981543, -78.93328"
85812,PIZZA INN,2011-04-06,,4,1 - Restaurant,"36.0534696, -78.9043982"
86297,DULCE CAFE & ICE CREAM,2011-05-19,,2,1 - Restaurant,"35.6987605, -78.6718462"
85263,LI MING'S GLOBAL MART (MEAT MARKET),2011-02-07,,3,30 - Meat Market,"35.9670703, -78.9611617"
87021,LI MING'S GLOBAL MART (BAKERY),2011-07-13,,2,2 - Food Stands,"35.9670724, -78.9611434"
85578,TACOS CALY MFU #2,2011-03-16,,2,3 - Mobile Food,"35.987248, -78.8473829"
80690,SCRATCH BAKING,2010-06-02,,3,1 - Restaurant,"35.9961644, -78.9004879"
81071,UNITED THERAPEUTICS,2010-06-15,,4,1 - Restaurant,"35.914716, -78.876369"
82859,GSK COMMERCIAL OPERATIONS CENTER,2010-07-19,,4,1 - Restaurant,"35.927402, -78.86174"
77091,DUKE DIET & FITNESS CENTER,2009-12-30,,4,1 - Restaurant,"36.0112189, -78.941717"
77048,SPICE & CURRY,2009-12-16,,4,1 - Restaurant,"35.9024871, -78.8953634"
69996,SUBWAY 36194,2009-06-10,,2,1 - Restaurant,"36.0283299, -78.8435155"
69029,LA VAQUITA,2009-04-17,,4,1 - Restaurant,"36.0189013, -78.9459468"
76605,GOLDEN CHINA,2009-10-21,,4,1 - Restaurant,"36.027145, -78.916354"
75527,BULL DURHAM BAR,2009-10-02,,1,1 - Restaurant,"35.9932522, -78.9483372"
75427,SUSHI LOVE,2009-09-17,,4,1 - Restaurant,"36.0072372, -78.9471945"
61763,HARRIS TEETER 224 MEAT MARKET,2008-07-23,,3,30 - Meat Market,"35.9181281, -78.9584305"
62661,DUBOSE HOUSE AND BAR,2008-09-24,,4,1 - Restaurant,"35.9100061, -79.0079354"
65076,TAQUERIA LA ESPERANZA DC #2,2009-01-20,,2,3 - Mobile Food,"35.9944791, -78.8828683"
63301,T WEST KITCHEN,2008-11-12,,4,1 - Restaurant,"35.979135, -78.927377"
62285,JAMAICA JAMAICA,2008-09-04,,4,1 - Restaurant,"35.9033017, -78.8935214"
84307,ONLY BURGER,2010-10-11,,3,1 - Restaurant,"35.956193, -78.956087"
85262,LI MING'S GLOBAL MART (CAFE),2011-02-07,,4,1 - Restaurant,"35.9670703, -78.9611617"
83018,RICKY'S NY PIZZA,2010-07-28,,2,1 - Restaurant,"36.076511, -78.911225"
83771,POMEGRANATE KITCHEN,2010-09-13,,2,2 - Food Stands,"35.952563, -78.9971319"
84306,ONLY BURGER MFU DC #21,2010-10-11,,2,3 - Mobile Food,"35.956193, -78.956087"
84904,DOMINO'S,2010-12-14,,2,2 - Food Stands,"36.002372, -78.91341"
87325,BD TECHNOLOGIES (FLIK INTERNATIONAL),2011-05-18,,4,1 - Restaurant,"35.8932956, -78.8605047"
87093,CHIRBA CHIRBA,2011-07-20,,2,3 - Mobile Food,"36.1369289, -78.762172"
87227,LAGOS MEAT MARKET,2011-08-08,,3,30 - Meat Market,"36.020183, -78.9468179"
114208,BURGER KING #6882,2012-10-31,,2,1 - Restaurant,"36.0358536, -78.8928719"
106886,SAVE-A-LOT MEAT MARKET,2012-09-25,,3,30 - Meat Market,"35.992323, -78.886458"
116097,SUBWAY 49175,2013-01-29,,2,1 - Restaurant,"35.9542922, -78.9950388"
106677,SALT BOX,2012-09-20,,4,2 - Food Stands,"35.999977, -78.8961488"
116750,MAC-UR-RONI,2013-04-04,,2,3 - Mobile Food,"35.9817448, -78.8774623"
55761,YAMAZUSHI,1990-07-01,,4,1 - Restaurant,"35.92092, -78.956421"
55486,BURGER KING #217,1990-07-01,,2,1 - Restaurant,"35.9670724, -78.9611434"
55470,BISCUITVILLE - 149,1990-07-01,,2,1 - Restaurant,"36.0558699, -78.903481"
55494,CHILI'S  115,1990-07-01,,4,1 - Restaurant,"35.962179, -78.978803"
55674,COUNTRY JUNCTION,1990-07-01,,4,1 - Restaurant,"35.9000987, -78.8962575"
55493,CHICKEN HUT #1,1990-07-01,,4,1 - Restaurant,"35.963185, -78.9073559"
55475,BOJANGLES #6,1990-07-01,,3,1 - Restaurant,"36.0580695, -78.9032058"
58327,KROGER R 331  MEAT MARKET,1998-10-26,,3,30 - Meat Market,"35.9110368, -78.9375428"
58330,FOOD LION MARKET 885,1994-08-29,,3,30 - Meat Market,"35.8988358, -78.8966496"
58329,FOOD LION MARKET 420,1994-08-08,,3,30 - Meat Market,"36.058514, -78.927769"
168393,TASTEFULLY SERVED,2015-09-15,,2,2 - Food Stands,"35.9967156, -78.9157737"
168339,ROOTED KITCHEN,2015-09-14,,2,2 - Food Stands,"35.9967156, -78.9157737"
168418,QSPRESSO,2015-09-16,,2,3 - Mobile Food,"35.968657, -78.953113"
56672,"BARNES & NOBLE BOOKSELLERS,INC",2002-03-20,,2,1 - Restaurant,"35.9054031, -78.9450648"
56730,DALE'S INDIAN CUISINE,2002-11-18,,4,1 - Restaurant,"36.0114613, -78.9222103"
56804,SUBWAY,2003-10-06,,2,1 - Restaurant,"35.974739, -78.924519"
56762,FRANCESCAS,2003-07-18,,2,1 - Restaurant,"36.008, -78.921843"
56692,MAGGIANO'S LITTLE ITALY,2002-05-17,,4,1 - Restaurant,"35.9054031, -78.9450648"
56774,NINTH STREET BAKERY,2003-06-18,,2,1 - Restaurant,"35.9969585, -78.903434"
56566,MAYFLOWER SEAFOOD  16,2001-01-31,,4,1 - Restaurant,"35.971417, -78.954319"
56565,MCDONALDS  19805,1996-08-27,,2,1 - Restaurant,"35.9484726, -78.8366684"
56712,DUPONT CAFETERIA,2002-09-16,,4,1 - Restaurant,"35.9261949, -78.8733212"
56810,KWIK WOK,2003-11-06,,4,1 - Restaurant,"35.9817727, -78.8223911"
57055,C AND H CAFETERIA,2007-01-09,,4,1 - Restaurant,"36.0195523, -78.91389"
57054,SUBWAY  39636,2007-01-09,,2,1 - Restaurant,"35.8809652, -78.8502892"
57101,MELTING POT,2007-02-16,,4,1 - Restaurant,"35.901718, -78.939241"
57098,ALIVIA'S,2007-02-16,,4,1 - Restaurant,"36.000287, -78.909226"
57118,TAQUERIA EVA Y GABY,2007-04-30,,4,1 - Restaurant,"35.987775, -78.899964"
57135,BLU SEAFOOD AND BAR,2007-08-23,,3,1 - Restaurant,"36.010623, -78.922568"
57148,WATTS STREET GROCERY,2007-10-18,,4,1 - Restaurant,"36.016581, -78.9190085"
57154,SILVER SPOON,2007-12-12,,4,1 - Restaurant,"36.0732659, -78.908376"
57100,SUBWAY  #11873,2007-02-16,,2,1 - Restaurant,"35.974571, -78.792911"
57139,THE MALLARD,2007-09-25,,2,1 - Restaurant,"35.980085, -78.8050279"
56881,LA QUINTA INN AND SUITES,2004-07-28,,2,1 - Restaurant,"35.9649565, -78.9723345"
56915,KROGER #374 DELI,2005-01-10,,2,1 - Restaurant,"35.9527723, -78.9909181"
56858,FEDERAL  THE,2004-05-19,,4,1 - Restaurant,"36.000636, -78.9099893"
56842,TARGET BAKERY DELI AND STARBUCKS T1872,2004-03-11,,2,1 - Restaurant,"35.9664128, -78.9591048"
56897,SAM'S CLUB 4831 CLUB CAFE,2004-09-29,,2,1 - Restaurant,"35.9672299, -78.9561251"
56817,PUPUSERIA AND TAQUERIA ORELLANA,2003-11-17,,4,1 - Restaurant,"36.077633, -78.909677"
56821,"SUBWAY, TRIANGLE 12718",2003-11-17,,2,1 - Restaurant,"35.9515016, -78.8387164"
56864,TEXAS ROADHOUSE,2004-05-19,,4,1 - Restaurant,"35.6003929, -79.0544269"
56876,CHILI'S,2004-06-15,,4,1 - Restaurant,"35.9035374, -78.9381263"
56884,SUBWAY,2004-07-28,,2,1 - Restaurant,"35.8999303, -78.8963297"
58063,CARRINGTON MIDDLE SCHOOL LUNCHROOM,1991-09-17,,3,11 - Public School Lunch,"36.086499, -78.918438"
58014,GRACE S CAFE,1998-10-26,,4,6 - Edu. Food Service,"36.0000537, -78.9308147"
58080,JORDAN HIGH SCHOOL LUNCHROOM,1991-09-12,,3,11 - Public School Lunch,"35.9237484, -78.9609282"
58085,MERRICK MOORE SCHOOL LUNCH ROOM,1991-09-05,,4,11 - Public School Lunch,"36.005876, -78.852528"
58081,LAKEWOOD LUNCHROOM,1991-09-10,,4,11 - Public School Lunch,"35.982718, -78.935755"
58070,FAYETTEVILLE STREET ELEM LUNCHROOM,1991-09-05,,4,11 - Public School Lunch,"35.964101, -78.905392"
58027,FOX STUDENT DINING,2002-09-18,,4,6 - Edu. Food Service,"36.1369289, -78.762172"
56149,BARNES AND NOBLE   #2631,1995-10-13,,2,1 - Restaurant,"35.954361, -78.9944841"
56361,EMERALD POND RETIREMENT,1998-07-07,,4,1 - Restaurant,"35.9742191, -78.9705117"
56510,TRIPPS RESTAURANT 17,2000-03-20,,4,1 - Restaurant,"36.017367, -78.907005"
56470,MCDONALDS,1999-11-01,,2,1 - Restaurant,"35.9110382, -78.9376018"
56324,CRACKER BARREL  345,1998-01-15,,4,1 - Restaurant,"36.0244868, -78.9552606"
56274,TAQUERIA MI PUEBLO,1997-05-14,,4,1 - Restaurant,"35.9049977, -79.007876"
56336,AMERICAN HERO,1998-02-16,,4,1 - Restaurant,"36.052025, -78.904445"
56168,BURGER KING,1996-01-29,,2,1 - Restaurant,"36.0021284, -78.8858695"
56481,ARBY'S,1999-11-03,,2,1 - Restaurant,"36.0161264, -78.8893849"
56188,IBM CAFETERIA  002,1996-04-24,,4,1 - Restaurant,"35.9132438, -78.8598176"
57794,FOOD LION LLC  #2646 DELI,2006-04-10,,3,2 - Food Stands,"35.9203321, -78.8112362"
57986,GORMAN CHRISTIAN ACADEMY,2007-02-15,,4,5 - Private Schools Lunchroom,"36.044096, -78.81618"
57896,J & C'S CATERING,2005-07-26,,2,3 - Mobile Food,"36.1369289, -78.762172"
57758,SAMS CLUB 4831 DELI,2004-09-29,,2,2 - Food Stands,"35.9672299, -78.9561251"
58006,DUKE EAST UNION,1995-09-18,,4,6 - Edu. Food Service,"35.7931265, -79.301757"
57655,KROGER R 332 DELI,2001-10-29,,2,2 - Food Stands,"36.018334, -78.946488"
57754,FOOD LION  2589 DELI,2004-06-15,,3,2 - Food Stands,"35.974571, -78.792911"
57785,WHOLE FOODS SEAFOOD,2006-01-06,,3,2 - Food Stands,"36.0064988, -78.9199179"
57732,DOMINOS PIZZA,1993-02-01,,2,2 - Food Stands,"35.98708, -78.843497"
55972,SPARTACUS RESTAURANT,1993-08-20,2016-01-13,4,1 - Restaurant,"35.967981, -78.9605009"
55818,PARIZADE,1990-07-01,,4,1 - Restaurant,"36.0084941, -78.9257598"
55890,WHEELS ROLLER SKATING CENTER,1992-03-10,,2,1 - Restaurant,"36.003017, -78.86138"
55481,BULLOCK'S BAR B CUE  INC,1990-07-01,,4,1 - Restaurant,"36.020043, -78.944844"
55725,TOMMY'S MINI MART,1990-07-01,,2,1 - Restaurant,"36.043797, -78.9633932"
56093,CURRENT'S CAFETERIA,1995-02-02,,4,1 - Restaurant,"36.0552119, -78.9034271"
55473,BOJANGLES #8,1990-07-01,,3,1 - Restaurant,"36.0221855, -78.9525326"
55938,WENDY'S #1161869,1992-12-14,,2,1 - Restaurant,"35.9097468, -78.9309411"
55627,MARIOTT-RTP,1990-07-01,,4,1 - Restaurant,"35.8923879, -78.846647"
55881,BOJANGLES #13,1992-03-09,,3,1 - Restaurant,"36.030384, -78.92869"
56926,STARBUCKS COFFEE 9361,2005-01-10,,2,1 - Restaurant,"35.9047587, -78.9378901"
56982,TABERNA TAPAS DINER,2005-10-07,,4,1 - Restaurant,"35.9962252, -78.9027915"
56929,PERKY'S PIZZA,2005-01-26,,2,1 - Restaurant,"36.045231, -78.814423"
57048,KFC,2006-09-06,,3,1 - Restaurant,"36.0507491, -78.9044829"
57012,NOSH,2006-03-31,,4,1 - Restaurant,"36.0072372, -78.9471945"
56941,BABA GHANNOUJ,2005-03-29,,4,1 - Restaurant,"35.9103879, -78.9418312"
56962,CIRCLE K  6330,2005-06-13,,2,1 - Restaurant,"35.9335025, -78.8882268"
57005,BIO MERIEUX,2006-02-02,,4,1 - Restaurant,"36.0984257, -78.8264275"
56930,CHO SUN OK,2005-01-25,,4,1 - Restaurant,"35.9024871, -78.8953634"
57007,MCDONALDS #368,2006-02-02,,2,1 - Restaurant,"36.016473, -78.889722"
57229,DOMINOS PIZZA  512,1990-07-01,,2,2 - Food Stands,"36.0565673, -78.9029235"
57635,COSTCO SERVICE DELI,2001-01-31,,2,2 - Food Stands,"36.028911, -78.914527"
57189,BRUEGGERS BAGELS,2008-05-02,,2,1 - Restaurant,"36.0074479, -78.9220847"
57585,SUBWAY,1999-01-19,,2,2 - Food Stands,"36.0201168, -78.9100018"
57244,HONEY BAKED HAM COMPANY 107,1990-07-01,,2,2 - Food Stands,"35.9711957, -78.9516672"
57619,FOOD LION  LLC  DELI  #939,2000-07-28,,3,2 - Food Stands,"36.0330243, -78.97822"
57448,PAPA JOHNS PIZZA 639,1995-01-06,,2,2 - Food Stands,"36.0015937, -78.9109915"
57227,DOMINO'S-WOODCROFT,1990-07-01,,2,2 - Food Stands,"35.92092, -78.956421"
57171,SUBWAY,2008-02-20,,2,1 - Restaurant,"35.9866517, -78.9089238"
57181,LA FONDITA,2008-03-19,,4,1 - Restaurant,"36.0167556, -78.8853454"
58126,ENO POINTE ASSISTED LIVING IFS,2003-10-21,,4,16 - Institutional Food Service,"36.094377, -78.908801"
58093,E K POWE SCHOOL LUNCHROOM,1991-09-10,,4,11 - Public School Lunch,"36.012948, -78.922488"
58114,LAKEVIEW SCHOOL LUNCHROOM,2001-01-31,,3,11 - Public School Lunch,"36.037052, -78.878416"
58111,HILLSIDE LUNCHROOM,1995-09-18,,3,11 - Public School Lunch,"35.952699, -78.905352"
58086,MOREHEAD LUNCHROOM,1991-09-09,,4,11 - Public School Lunch,"35.988199, -78.913759"
58326,KROGER R 366 MEAT MARKET,1998-09-18,,3,30 - Meat Market,"36.0287149, -78.9207364"
58299,KINGS RED AND WHITE/MEAT MARKET,1994-08-03,,3,30 - Meat Market,"36.3789782, -78.9838162"
58328,FOOD LION 1343 MEAT MARKET,2000-07-31,,3,30 - Meat Market,"35.9904292, -78.9277985"
65077,TAQUERIA LA ESPERANZA  DC #3,2009-01-20,,2,3 - Mobile Food,"35.9944791, -78.8828683"
69028,SANSUI,2009-04-20,,4,1 - Restaurant,"35.9128636, -78.8922481"
63177,ART INSTITUTE OF RALEIGH DURHAM,2008-10-23,,4,1 - Restaurant,"35.9918074, -78.9054343"
63622,NEO JAPAN,2008-12-16,,4,1 - Restaurant,"35.9054033, -78.9166521"
63229,CHAR GRILL # 6,2008-10-24,,3,1 - Restaurant,"35.9181281, -78.9584305"
62663,LOUDERMILK PASTRY KITCHEN,2008-09-24,,2,1 - Restaurant,"35.9100061, -79.0079354"
62654,WILLIAM'S GOURMET KITCHEN,2008-09-18,,3,1 - Restaurant,"35.9024329, -78.8951821"
63621,HARRIS TEETER 254 MARKET,2009-01-07,,3,30 - Meat Market,"36.056542, -78.930972"
70266,SMOOTHIE KING,2009-07-09,,2,1 - Restaurant,"35.9054033, -78.9166521"
70905,CEDAR FORK BISTRO,2009-08-25,,2,1 - Restaurant,"35.88509, -78.845438"
76592,TOREROS #4,2009-10-27,,4,1 - Restaurant,"35.9628204, -78.9780173"
76848,NEW JAPAN EXPRESS,2009-11-17,,4,1 - Restaurant,"35.94593, -78.838959"
82708,KING'S SANDWICH SHOP,2010-07-08,,3,2 - Food Stands,"36.003891, -78.901589"
83823,EINSTEIN BROTHERS BAGEL,2010-09-14,,2,1 - Restaurant,"36.1369289, -78.762172"
85604,BULL CITY BURGER AND BREWERY,2011-03-23,,2,1 - Restaurant,"35.9954939, -78.8997764"
85521,DOMINO'S PIZZA,2011-03-09,,2,2 - Food Stands,"35.967453, -78.941498"
83391,TOMO JAPAN,2010-08-16,,4,2 - Food Stands,"36.0201168, -78.9100018"
86185,GG THE TASTE OF CHICAGO & FISH CHICKEN,2011-05-09,,4,1 - Restaurant,"35.9848654, -78.8990617"
86186,DPAC,2011-05-11,,2,2 - Food Stands,"35.9931427, -78.9017994"
86968,PAD THAI,2011-07-12,,4,1 - Restaurant,"36.026753, -78.923611"
80330,TOBACCO ROAD SPORTS CAFE,2010-04-15,,4,1 - Restaurant,"35.992294, -78.903086"
80309,CILANTRO MEDITERREAN GRILL & PIZZA,2010-04-07,,3,1 - Restaurant,"35.8809652, -78.8503074"
80343,HOMEWOOD SUITES RDU FOOD SERVICE,2010-04-08,,2,1 - Restaurant,"35.886956, -78.848647"
77024,A W NORTH CAROLINA,2009-12-14,,4,1 - Restaurant,"36.090259, -78.837656"
87533,CAFE EDENS,2011-08-30,,4,1 - Restaurant,"36.1369289, -78.762172"
87106,CHINA EXPRESS,2011-07-21,,4,1 - Restaurant,"35.9008956, -78.8908602"
87484,KOKYU BBQ,2011-08-23,,2,2 - Food Stands,"35.898608, -78.894478"
87485,KOKYU BBQ,2011-08-23,,2,3 - Mobile Food,"35.898608, -78.894478"
58131,HILLCREST CONVALESCENT CENTER IFS,2003-10-23,,2,16 - Institutional Food Service,"36.00433, -78.919329"
58143,BROOKDALE AL CHAPEL HILL IFS,2003-10-23,,4,16 - Institutional Food Service,"35.908798, -78.984977"
58144,FOREST AT DUKE  IFS,2003-10-23,,4,16 - Institutional Food Service,"35.974916, -78.949322"
58333,FOOD LION  MARKET 274,1994-07-18,,3,30 - Meat Market,"35.92092, -78.956421"
58353,LOS PRIMOS SUPERMARKET,1994-07-18,,3,30 - Meat Market,"35.9879461, -78.8886784"
58373,FOOD LION MEAT MARKET 2646,2006-04-10,,3,30 - Meat Market,"35.9203321, -78.8112362"
58358,TARGET MEAT MARKET,2004-03-11,,3,30 - Meat Market,"35.9664128, -78.9591048"
77392,ASIAN KITCHEN,2010-01-29,,4,1 - Restaurant,"35.9054033, -78.9166521"
80478,CHILD CARE SERVICES ASSOCIATION,2010-05-13,,4,2 - Food Stands,"35.9683907, -78.8756927"
77025,CHUBBY'S TACOS WOODCROFT,2009-12-02,,4,1 - Restaurant,"35.92092, -78.956421"
79528,ENZO'S PIZZA COMPANY,2010-03-11,,2,1 - Restaurant,"36.0092684, -78.9448144"
80601,BABA GHANNOUJ,2010-05-27,,2,1 - Restaurant,"36.0084941, -78.9257598"
76630,CHICK-FIL-A EXPRESS,2009-10-28,,3,2 - Food Stands,"36.0039112, -78.9365012"
77085,JOE'S DINER,2009-12-17,,2,1 - Restaurant,"35.981861, -78.87778"
85098,OLD HAVANA SANDWICH SHOP,2011-01-10,,4,1 - Restaurant,"35.993268, -78.898134"
83034,GREEK CUISINE,2010-07-29,,4,2 - Food Stands,"36.0201168, -78.9100018"
85092,MICAH FRAZIER OFF THE CHAIN,2011-01-05,,2,4 - Push Carts,"35.9825514, -78.8779146"
84835,HIBACHI GRILL & SUPREME BUFFET,2010-12-02,,4,1 - Restaurant,"35.962179, -78.978803"
83813,BANGKOK 54,2010-09-15,,4,1 - Restaurant,"35.90988, -78.985209"
83764,BRUEGGER'S BAKERY,2010-09-13,,2,1 - Restaurant,"35.867914, -78.849309"
85136,STARBUCKS,2011-01-13,,2,1 - Restaurant,"36.0077951, -78.9359299"
84349,SUBWAY,2010-10-12,,2,1 - Restaurant,"36.0077632, -78.9224772"
84009,PUPUSERIA & TAQUERIA DC #31,2010-09-23,,2,3 - Mobile Food,"36.077633, -78.909677"
70102,CUBAN REVOLUTION,2009-06-25,,4,1 - Restaurant,"35.992739, -78.905018"
65909,SITAR INDIAN CUISINE,2009-01-22,,4,1 - Restaurant,"35.971997, -78.9505269"
70902,LIBERTY BAPTIST CHURCH SCHOOL LUNCH ROOM,2009-08-14,,4,5 - Private Schools Lunchroom,"36.063607, -78.9254459"
69731,EL RODEO MEXICAN RESTAURANT,2009-05-28,,4,1 - Restaurant,"36.0495727, -78.9046188"
70486,SUBWAY AT WOODCROFT,2009-08-04,,2,1 - Restaurant,"35.92092, -78.956421"
75188,JAPAN EXPRESS,2009-09-15,,4,1 - Restaurant,"36.0189013, -78.9459468"
68663,CHINA KING,2009-03-11,,4,1 - Restaurant,"36.006382, -78.8841659"
69207,GRILL 46,2009-05-11,,3,1 - Restaurant,"35.974571, -78.792911"
70996,SOUTH SIDE COFFEE SHOP,2009-08-31,,2,2 - Food Stands,"36.1369289, -78.762172"
81154,KOUMI JAPANESE RESTURANT,2010-06-21,,4,1 - Restaurant,"36.0552119, -78.9034271"
80967,DAME'S CHICKEN & WAFFLES,2010-06-09,,4,1 - Restaurant,"35.996308, -78.903371"
82858,GSK STIEFEL,2010-07-19,,4,1 - Restaurant,"35.923513, -78.874881"
81070,SALADELIA,2010-06-14,,2,1 - Restaurant,"36.009706, -78.941628"
86971,J & J FISH & CHICKEN,2011-07-12,,4,1 - Restaurant,"35.956167, -78.84012"
86959,ESSER'S COMMISSARY,2011-07-11,,2,2 - Food Stands,"35.970766, -78.866791"
87446,NANA TACO,2011-08-24,,4,1 - Restaurant,"35.9743458, -78.9245866"
88444,SPICY GREEN GOURMET,2011-10-26,,4,1 - Restaurant,"35.9236546, -78.8438803"
88437,BAMBOO HOUSE,2011-09-28,,4,1 - Restaurant,"36.0495727, -78.9046188"
87229,CITY OF MEDICINE ACADEMY,2011-08-08,,3,11 - Public School Lunch,"36.0388388, -78.9024982"
87317,EDIBLE ARRANGEMENTS,2011-08-15,,2,2 - Food Stands,"36.0062172, -78.9198043"
114206,CHIPOTLE MEXICAN GRILL,2012-11-06,,4,1 - Restaurant,"35.905837, -78.9377839"
106858,M & K'S COFFEE AND CAFE,2012-09-25,,4,1 - Restaurant,"35.976172, -78.792687"
114433,RISE,2012-11-20,,2,1 - Restaurant,"35.9041882, -78.9534773"
114207,CARILLON ASSISTED LIVING OF DURHAM IFS,2012-11-08,,4,16 - Institutional Food Service,"35.9549949, -78.971466"
106961,LA SUPERIOR DELI / HOT FOOD,2012-10-02,,2,2 - Food Stands,"36.0558699, -78.903481"
114237,TACOS CARRBORO,2012-11-07,,2,3 - Mobile Food,"36.0290679, -78.9261326"
99892,TROPICAL SMOOTHIE CAFE,2012-05-15,,2,1 - Restaurant,"35.880705, -78.849392"
100017,VERITAS COLLABORATIVE IFS,2012-05-22,,4,16 - Institutional Food Service,"36.0100705, -78.9426423"
100722,TACO'S MEXICAN JORGITO JR DC #98,2012-07-09,,2,3 - Mobile Food,"36.1369289, -78.762172"
100333,LAS DELICIAS DC #1,2012-06-21,,2,3 - Mobile Food,"36.1369289, -78.762172"
99093,TATER BREAD CAFE,2012-03-14,,2,2 - Food Stands,"35.9889696, -78.8888451"
97828,THE HOUSE RESTAURANT & CATERING,2012-01-05,,4,1 - Restaurant,"35.898684, -78.850454"
99094,HILLANDALE GOLF COURSE,2012-03-14,,2,2 - Food Stands,"36.0224206, -78.9337635"
99205,PANERA BREAD #1651,2012-03-22,,2,1 - Restaurant,"35.9502168, -78.9893419"
99351,ANOTHER BROKEN EGG CAFE,2012-04-12,,4,1 - Restaurant,"36.0092684, -78.9448144"
98130,POLLOS CARBONERA DC #73,2012-02-20,,2,3 - Mobile Food,"35.9825514, -78.8779146"
99423,SYMPATHY FOR THE DELI DC #84,2012-04-12,,2,3 - Mobile Food,"36.1369289, -78.762172"
115946,POP'S BACK DOOR SOUTH,2013-01-15,,2,1 - Restaurant,"35.956193, -78.956087"
106962,(G&J) NOT JUST A BAKERY,2012-10-10,,2,2 - Food Stands,"36.1369289, -78.762172"
116210,TACO BELL,2013-02-21,,2,2 - Food Stands,"35.905837, -78.9377839"
88760,SUBWAY,2011-11-30,,2,1 - Restaurant,"35.9033196, -78.9530303"
100102,LILLY'S PIZZA,2012-05-23,,4,1 - Restaurant,"35.999169, -78.909291"
87764,DURHAM CONVENTION CENTER,2011-09-15,,4,1 - Restaurant,"35.997594, -78.9023849"
97777,LAKEWOOD MONTESSORI SCHOOL LUNCHROOM,2011-12-22,,4,11 - Public School Lunch,"35.984188, -78.928046"
88767,PIZZA MIA ITALIAN GRILL,2011-12-01,,4,1 - Restaurant,"36.0072372, -78.9471945"
99632,COORDEGY INC ( D/B/A RALEIGH EVENT CATERING),2012-04-30,,2,2 - Food Stands,"36.1369289, -78.762172"
100350,CHOP STIX CHINESE RESTAURANT,2012-06-27,,4,1 - Restaurant,"36.0167556, -78.8853454"
100103,MIGUELENOS NIGHT CLUB,2012-05-30,,2,1 - Restaurant,"35.9865055, -78.9089425"
100931,AU BON PAIN,2012-08-06,,2,1 - Restaurant,"36.0020023, -78.9415819"
105961,LUCAS MIDDLE SCHOOL LUNCHROOM,2012-08-23,,3,11 - Public School Lunch,"36.109108, -78.886559"
100258,TAQUERIA DON FILY TRUCK,2012-06-19,,2,3 - Mobile Food,"36.1369289, -78.762172"
100236,THIS LITTLE PIGGIE,2012-06-11,,2,2 - Food Stands,"36.1369289, -78.762172"
144583,DUKE EVENT PAVILLION,2013-07-22,,4,6 - Edu. Food Service,"36.0010805, -78.9397317"
146607,FOOD STANS,2013-08-08,,2,3 - Mobile Food,"36.1369289, -78.762172"
144585,WILL AND POPS 1 (BMP-2918),2013-07-18,,2,3 - Mobile Food,"35.9825514, -78.8779146"
148158,TOOTIES URBAN ENTREES,2013-10-10,,2,3 - Mobile Food,"35.9817448, -78.8774623"
117551,AMERICAN TOBACCO BAY 7,2013-05-23,,4,1 - Restaurant,"36.1369289, -78.762172"
122000,SKEWERS BAR AND GRILL,2013-06-19,,4,1 - Restaurant,"36.000904, -78.91125"
118942,CURRY POINT EXPRESS,2013-05-29,,4,1 - Restaurant,"35.8809652, -78.8502892"
117117,RUE  CLER,2013-05-01,,4,1 - Restaurant,"35.9970914, -78.899766"
116751,OLE NC BAR B QUE,2013-04-04,,4,1 - Restaurant,"36.0495727, -78.9046188"
118943,ZAXBY'S,2013-06-03,,3,1 - Restaurant,"36.0552119, -78.9034271"
153094,HARVEST 18,2014-03-05,,4,1 - Restaurant,"35.9033196, -78.9530303"
153175,CHEERZ DELI,2014-03-11,,4,1 - Restaurant,"35.9236546, -78.8438803"
152988,SMASHBURGER,2014-03-03,,2,1 - Restaurant,"36.0092684, -78.9448144"
154010,COOK OUT,2014-04-23,,2,1 - Restaurant,"35.966869, -78.9546437"
153091,MCCAIN'S FOOD MANAGEMENT,2014-03-10,,4,2 - Food Stands,"35.9820268, -78.8776419"
152734,CINCO DE MAYO IN DURHAM,2014-02-18,,4,1 - Restaurant,"35.9001789, -78.8962509"
151824,CHURCH'S CHICKEN #143,2013-12-02,,4,1 - Restaurant,"36.3459204, -78.982267"
151946,CHURCH'S CHICKEN #912,2013-12-11,,3,1 - Restaurant,"35.9922899, -78.868471"
152612,TJ'S KITCHEN,2014-02-04,,2,3 - Mobile Food,"36.1369289, -78.762172"
152616,COSMIC CANTINA WHOLESALE,2014-02-04,,2,2 - Food Stands,"35.973601, -78.937347"
155163,DURHAM BULLS ATHLETIC PARK,2014-04-02,,3,1 - Restaurant,"35.991585, -78.904016"
154093,GLOBAL SCHOLARS ACADEMY,2014-04-29,,4,11 - Public School Lunch,"36.0007919, -78.893186"
155004,OVAL PARK GRILLE,2014-05-29,,4,1 - Restaurant,"36.0165031, -78.9188891"
155756,CAFE DE NOVO,2014-07-07,,4,6 - Edu. Food Service,"36.0003803, -78.9447324"
159263,KOCINA FOOD TRUCK,2014-08-20,,2,3 - Mobile Food,"35.9708168, -78.8667609"
156356,FREDDY'S FROZEN CUSTARD AND STEAKBURGERS,2014-08-05,,4,1 - Restaurant,"35.9528611, -78.9896633"
156355,NZINGA'S BREAKFAST CAFE,2014-08-06,,4,1 - Restaurant,"35.9644343, -78.905833"
159264,ELEMENT JUICE,2014-08-20,,2,2 - Food Stands,"35.9708168, -78.8667609"
161630,MONUTS,2014-12-02,,4,1 - Restaurant,"36.013911, -78.921436"
164311,THE MOBILE KITCHEN (OAK CITY FISH AND CHIPS),2015-03-16,2015-12-08,2,3 - Mobile Food,"35.9944629, -78.8816381"
161808,SKY ZONE,2014-12-23,,1,1 - Restaurant,"36.0205373, -78.9143093"
162302,DASHI,2015-01-26,,4,1 - Restaurant,"35.9970933, -78.8992279"
161809,HERITAGE GRILL,2014-12-23,,4,1 - Restaurant,"36.029912, -78.773355"
161643,THE FRESH MARKET DELI,2014-12-03,,2,2 - Food Stands,"35.9632068, -78.9579208"
162192,INDULGE CATERING,2015-01-21,,2,2 - Food Stands,"35.996597, -78.915869"
161559,DOS AMIGOS,2014-11-25,,2,3 - Mobile Food,"35.9825514, -78.8779146"
164699,THAI BOX ZING,2015-03-19,,2,3 - Mobile Food,"35.9817995, -78.8776064"
165038,SHEETZ,2015-04-20,,2,1 - Restaurant,"36.0185381, -78.944304"
165950,FOOD LION PRODUCE #1343,2015-05-28,,2,2 - Food Stands,"35.9878184, -78.9279946"
161774,EAST COAST ASIAN BISTRO,2014-12-17,,4,1 - Restaurant,"35.8903019, -78.8961489"
161631,BAR VIRGILE,2014-11-26,,2,1 - Restaurant,"35.9946635, -78.9007481"
161569,HIBACHI EXPRESS,2014-11-25,,4,1 - Restaurant,"35.9922089, -78.8653933"
161131,GUANAJUATO DE DURHAM,2014-10-29,,4,1 - Restaurant,"36.017639, -78.890405"
161639,THE FRESH MARKET PRODUCE,2014-12-03,,2,2 - Food Stands,"35.9632068, -78.9579208"
161642,EL COMPADRE,2014-12-03,,2,3 - Mobile Food,"36.1369289, -78.762172"
161457,STEEL CHEF D,2014-11-03,,2,2 - Food Stands,"35.8987439, -78.8503645"
162369,CHARROS MEXICAN RESTAURANT,2015-02-04,,4,1 - Restaurant,"35.9501966, -78.9895413"
164257,BURGER BACH,2015-03-12,,4,1 - Restaurant,"36.0079812, -78.9224509"
161979,GONZA TACOS Y TEQUILA,2015-01-06,,4,1 - Restaurant,"36.0000341, -78.9055645"
164096,TRUE FLAVORS,2015-03-02,,4,1 - Restaurant,"36.1369289, -78.762172"
164759,CAKE COUTURE BOUTIQUE,2015-04-09,,2,2 - Food Stands,"35.996597, -78.915869"
164198,BANH MI HA LONG,2015-03-03,,2,3 - Mobile Food,"35.9817995, -78.8776064"
56964,NORTH CAROLINA SPECIALTY HOSP,2005-06-13,,4,1 - Restaurant,"36.042904, -78.896895"
56965,KROGER 366 DELI,2005-07-29,,2,1 - Restaurant,"35.6003929, -79.0544269"
56936,CAPTAIN D'S,2005-03-08,,2,1 - Restaurant,"36.0552119, -78.9034271"
56967,SUBWAY,2005-07-29,,2,1 - Restaurant,"35.9512307, -78.9895476"
56895,THE CEDARS OF CHAPEL HILL,2004-08-30,,4,1 - Restaurant,"36.026092, -78.852292"
56841,TARGET FOOD AVE T1872,2005-01-10,,2,1 - Restaurant,"35.9664128, -78.9591048"
56908,GUGLHUPF CAFE,2004-10-20,,4,1 - Restaurant,"35.9742468, -78.9323947"
56938,CORNING LIFE SCIENCES,2005-03-08,,4,1 - Restaurant,"36.094097, -78.851645"
56985,BISCUITVILLE,2005-10-07,,2,1 - Restaurant,"35.992329, -78.870468"
56844,JERSEY MIKE'S,2004-03-23,,2,1 - Restaurant,"36.0495727, -78.9046188"
56822,RANDY'S PIZZA,2001-11-29,,2,1 - Restaurant,"35.921655, -78.9586379"
56751,CHINA WOK,2003-03-26,,4,1 - Restaurant,"35.9495128, -78.9213244"
56759,RUBY TUESDAYS #2760,1990-07-01,,4,1 - Restaurant,"36.0201168, -78.9100018"
56773,BALI HAI MONGOLIAN GRILL,2003-06-18,,4,1 - Restaurant,"36.0114613, -78.9222103"
56840,TED'S MONTANA GRILL,2004-03-08,,4,1 - Restaurant,"35.9030577, -78.9361721"
56741,RANDY'S PIZZA,2003-03-03,,2,1 - Restaurant,"35.880705, -78.849392"
56785,SUBWAY 29857,2003-06-18,,2,1 - Restaurant,"35.9495128, -78.9213244"
56719,AMANTE PIZZA,2002-09-26,,3,1 - Restaurant,"35.909351, -78.98625"
56685,CHINO LATINO,1990-07-01,,2,1 - Restaurant,"35.987248, -78.8473829"
56807,BOJANGLES #32,2003-10-06,,3,1 - Restaurant,"35.8788003, -78.8500946"
56002,MARDI GRAS SNACK BAR (THE),1993-12-14,,2,1 - Restaurant,"35.90988, -78.985209"
55827,GOLDEN CORRAL OF DURHAM #546,1990-07-01,,4,1 - Restaurant,"36.3425442, -78.9821441"
55981,OUTBACK STEAK HOUSE,1993-09-15,,4,1 - Restaurant,"35.951887, -78.994901"
56081,INTERNATIONAL DELIGHTS,1995-01-09,,4,1 - Restaurant,"36.009164, -78.921744"
56031,TORERO'S,1994-04-08,,4,1 - Restaurant,"35.99964, -78.908201"
55900,HARDEE'S # 4 1251,1992-05-04,,2,1 - Restaurant,"35.975236, -78.9363879"
56061,BISCUITVILLE 158,1994-09-15,,2,1 - Restaurant,"35.9746, -78.934042"
56148,COSMIC CANTINA,1995-10-16,,4,1 - Restaurant,"36.007821, -78.9218699"
56190,IBM CAFETERIA  500,1996-04-24,,4,1 - Restaurant,"35.9039207, -78.8499954"
56172,TACO BELL,1996-01-29,,2,1 - Restaurant,"35.9025027, -78.8954405"
56625,BENNETT POINTE GRILL,2002-01-16,,4,1 - Restaurant,"36.0330116, -78.9783891"
56561,COSTCO  FOOD COURT 249,2001-02-19,,2,1 - Restaurant,"36.028911, -78.914527"
56599,GOODBERRY'S CREAMERY,2001-07-31,,2,1 - Restaurant,"36.3423132, -78.9821355"
56468,WENDY'S   #2390,1999-11-01,,3,1 - Restaurant,"35.880737, -78.850889"
56669,VIN ROUGE BISTRO,2002-03-20,,4,1 - Restaurant,"36.010054, -78.9221733"
56560,DANNY'S BAR-B-QUE,2001-02-19,,3,1 - Restaurant,"35.9236546, -78.8438803"
56616,AMF DURHAM LANES,2001-10-24,,2,1 - Restaurant,"35.964882, -78.9746119"
56571,TOP'S CHINA RESTAURANT,1993-10-15,,4,1 - Restaurant,"35.9927357, -78.869143"
56587,CHICK FIL A,1997-04-09,,3,1 - Restaurant,"36.018998, -78.9450369"
56480,ARBY'S,1999-11-03,,2,1 - Restaurant,"36.018454, -78.945246"
57183,BRUEGGERS BAGELS # 200,2008-04-18,,2,1 - Restaurant,"35.9608733, -78.9589926"
57613,THRILLS FROM THE GRILL,2000-07-10,,4,2 - Food Stands,"36.0558699, -78.903481"
57161,T G I FRIDAYS,2007-12-12,,4,1 - Restaurant,"36.0092684, -78.9448144"
57136,NASHER ART MUSEUM CAFE,2007-08-23,,4,1 - Restaurant,"35.9994212, -78.9285398"
57633,FOOD MART  16  THE,2000-11-20,,2,2 - Food Stands,"35.9129817, -78.8922108"
57534,FAST FOOD MART,1997-08-14,,2,2 - Food Stands,"36.0279503, -78.9136239"
57188,MEZ,2008-04-18,,4,1 - Restaurant,"35.8795925, -78.84693"
57490,TOWN DELI II,1996-02-29,,3,2 - Food Stands,"35.9738, -78.885317"
57445,KROGER R 337 SEA FOOD,1994-12-05,,2,2 - Food Stands,"36.0683077, -78.9074185"
57300,WIMPY'S GRILL,1990-07-01,,4,2 - Food Stands,"36.0129601, -78.9321499"
57985,BETHESDA CHRISTIAN ACADEMY,2003-07-17,,4,5 - Private Schools Lunchroom,"35.9437659, -78.839875"
57806,EDIBLE ARRANGEMENTS,2007-01-09,,2,2 - Food Stands,"35.9210414, -78.9299316"
58002,MED CTR COMMONS/FOOD SERV SEC,1992-09-14,,4,6 - Edu. Food Service,"36.0061124, -78.9375649"
58018,FREEMAN  CENTER FOR JEWISH LIF,1999-11-02,,4,6 - Edu. Food Service,"36.0008316, -78.9221591"
59499,HALGO EUROPEAN GROCERY,2008-04-21,,2,2 - Food Stands,"35.9018353, -78.8891917"
60507,PRUITT HEALTH DURHAM IFS,2008-03-19,,2,16 - Institutional Food Service,"36.004325, -78.950934"
57130,PARKER & OTIS,2007-07-12,,3,1 - Restaurant,"35.9989599, -78.908889"
57070,CARRABBAS ITALIAN GRILL,2007-01-08,,4,1 - Restaurant,"36.1369289, -78.762172"
57090,PIPER'S DELI,2007-02-09,,4,1 - Restaurant,"35.965209, -78.945882"
57134,STARBUCKS #13656,2007-07-12,,2,1 - Restaurant,"36.0578135, -78.9293653"
57011,THAI CAFE,2006-03-31,,4,1 - Restaurant,"35.974267, -78.923537"
57128,THE NEW BYRDS BBQ AND CHICKEN,2005-03-08,,4,1 - Restaurant,"36.00611, -78.840461"
56993,LA SUPERIOR RESTAURANT,2005-10-20,,4,1 - Restaurant,"36.0558699, -78.903481"
169577,TOSHIBA,2015-10-28,,4,1 - Restaurant,"35.9071795, -78.8448215"
169080,BILL-LO'S EVENT PLANNING AND CATERING,2015-10-12,,2,2 - Food Stands,"35.9967156, -78.9157737"
169088,SLICE AND TORTE,2015-10-12,,2,2 - Food Stands,"35.9967156, -78.9157737"
170009,TORTILLERIA MIGUELENA,2015-11-25,,4,2 - Food Stands,"35.9017533, -78.8956841"
168825,THE BAGGED LUNCH  CO,2015-09-30,,2,2 - Food Stands,"35.9690357, -78.9521151"
169897,HEAVENLY SMOKE,2015-11-19,,2,2 - Food Stands,"36.0201796, -78.910022"
169386,BAOZI,2015-10-22,,2,3 - Mobile Food,"35.968657, -78.953113"
63657,DEVIL'S PIZZERIA,2009-01-05,,2,1 - Restaurant,"36.0092221, -78.9219799"
63377,DEL RANCHO,2008-11-21,,4,1 - Restaurant,"36.076511, -78.911225"
61880,CHINA CAFE,2008-08-07,,4,1 - Restaurant,"35.9098343, -78.9313784"
61760,DURHAM CENTER ACCESS FOOD SERVICE,2008-07-29,,2,16 - Institutional Food Service,"36.0388166, -78.903497"
66036,KFC TACO BELL,2009-02-05,,3,1 - Restaurant,"35.9193953, -78.9587043"
63731,REVOLUTION,2008-12-22,,4,1 - Restaurant,"35.995071, -78.901173"
63596,MERIDIAN CAFE DBA CAFE MERIDIAN,2008-12-18,,4,1 - Restaurant,"35.911441, -78.89395"
68681,NCCU PEARSON CAFETERIA,2009-03-13,,4,6 - Edu. Food Service,"35.9764247, -78.9002252"
68763,THE SAUCY CRAB,2009-03-18,,4,1 - Restaurant,"35.969809, -78.960126"
106532,BURGER KING 9653,2012-09-10,,2,1 - Restaurant,"35.919559, -78.959847"
106682,DURHAM NURSING AND REHABILITATION IFS,2012-09-25,,2,16 - Institutional Food Service,"36.0133212, -78.9479956"
114615,FIDELITY CAFE @ NETWORK CENTER,2012-12-20,,4,1 - Restaurant,"35.8864715, -78.8594466"
106949,THREE SEASONS CATERING DBA MESA,2012-10-04,,2,1 - Restaurant,"36.01161, -78.9307"
114434,JOHNSON FAMILY BARBECUE,2012-12-03,,4,1 - Restaurant,"35.977069, -78.793393"
114484,MERCK DURHAM CAFETERIA,2012-12-11,,4,1 - Restaurant,"36.108312, -78.844502"
114451,INDIA GATE,2012-12-03,,4,1 - Restaurant,"35.9008956, -78.8908602"
114487,PAGE ROAD GRILL,2012-12-06,,4,1 - Restaurant,"35.8771877, -78.8495263"
116909,THE LITTLE DIPPER,2013-04-16,,4,1 - Restaurant,"35.9999309, -78.910163"
116552,LA CACEROLA CAFE AND RESTAURANT,2013-03-18,,4,1 - Restaurant,"36.023171, -78.917968"
116549,V'S KITCHEN,2013-03-19,,4,1 - Restaurant,"35.9236546, -78.8438803"
116553,GOLDEN PIZZA,2013-03-18,,3,1 - Restaurant,"35.983194, -78.931078"
116820,INTER KOREA HOUSE,2013-04-09,,4,1 - Restaurant,"35.9018977, -78.8956372"
117357,DRAGON INN,2013-05-13,,4,1 - Restaurant,"36.0594323, -78.929001"
115884,COCOA CINNAMON,2013-01-14,,1,1 - Restaurant,"36.003984, -78.901126"
116021,CJ'S STREET FOOD DC# 130,2013-01-23,,2,3 - Mobile Food,"36.1369289, -78.762172"
118989,LAS DELICIAS II,2013-06-06,,2,3 - Mobile Food,"35.9817995, -78.8776064"
153146,LOS TRES MEXICAN RESTAURANT,2014-03-12,,4,1 - Restaurant,"35.9054589, -78.9369822"
151736,ZINBURGER,2013-11-25,,4,1 - Restaurant,"35.9054031, -78.9450648"
152001,PANERA BREAD BAKERY CAFE #1749,2013-12-16,,2,1 - Restaurant,"36.0095272, -78.9228024"
156324,PETTIGREW REHBILITATION CENTER,2014-08-06,,4,16 - Institutional Food Service,"36.0053445, -78.9215498"
160146,R&B SEAFOOD BOX,2014-09-23,,4,1 - Restaurant,"36.0068911, -78.8859408"
156018,SLEEP INN DURHAM FOOD SERVICE,2014-07-16,,2,1 - Restaurant,"35.881867, -78.842138"
160611,TY'S ALL NATURAL,2014-10-09,,2,3 - Mobile Food,"35.9244845, -78.8434017"
159998,BIG C'S WAFFLES,2014-09-18,,2,3 - Mobile Food,"35.8987439, -78.8503645"
155870,QUICK LUNCH RICO TACO,2014-07-10,,4,15 - Commissary (Pushcarts/Mobile Foods),"35.998914, -78.88603"
155976,L AND D ON THE MOVE,2014-07-15,,2,3 - Mobile Food,"35.9783591, -78.87114"
106745,CHICK-FIL-A AT RESEARCH TRIANGLE,2012-09-24,,3,1 - Restaurant,"35.9031189, -78.897752"
114463,BONEFISH GRILL,2012-11-13,,4,1 - Restaurant,"35.8486156, -78.9569022"
116169,SAKE BOMB,2013-02-11,,4,1 - Restaurant,"35.9627548, -78.958722"
115880,PING PONG,2013-01-14,,4,1 - Restaurant,"35.8809652, -78.8503074"
114508,TACOS NACOS,2012-12-12,,2,1 - Restaurant,"35.96665, -78.945359"
116547,JIMMY JOHN'S,2013-03-20,,2,1 - Restaurant,"36.0075625, -78.9222034"
119085,WAFFLE HOUSE,2013-06-13,,2,1 - Restaurant,"35.924142, -78.845227"
117546,JOE'S COMMISSARY&COMMERCIAL KITC,2013-05-21,,2,2 - Food Stands,"35.9817995, -78.8776064"
116834,PHAT WRAPZ,2013-04-10,,2,3 - Mobile Food,"35.981861, -78.87778"
146630,MATTIE B'S PUBLIC HOUSE,2013-08-08,,2,1 - Restaurant,"35.9054033, -78.9166521"
151597,THE DURHAM PIT,2013-11-13,,4,1 - Restaurant,"36.003314, -78.8995939"
147915,HONG KONG SUPER BUFFET,2013-10-01,,4,1 - Restaurant,"36.016696, -78.888378"
151444,CREE CAFETERIA,2013-11-04,,2,1 - Restaurant,"35.898998, -78.8395479"
147244,LITTLE CAESARS #2,2013-09-03,,2,2 - Food Stands,"35.9495128, -78.9213244"
147749,TAQUERIA JALISCO,2013-09-24,,2,3 - Mobile Food,"35.9832245, -78.8904411"
151352,SUBWAY,2013-10-29,,2,2 - Food Stands,"35.905837, -78.9377839"
152611,JADE BUFFET,2014-02-03,,4,1 - Restaurant,"36.0195523, -78.91389"
152680,MOE'S SOUTHWEST GRILL,2014-02-12,,3,1 - Restaurant,"35.992722, -78.903938"
152896,BLUE RIDGE DELI AND CAFE,2014-02-26,,4,1 - Restaurant,"35.931754, -78.886313"
152000,MEDITERRANEAN GRILL & GROCERY,2013-12-16,,2,1 - Restaurant,"35.8946148, -78.9103755"
152036,HARRIS TEETER MEAT MARKET,2013-10-31,,3,30 - Meat Market,"36.0104241, -78.9240421"
156297,JERSEY MIKES SUBS,2014-08-04,,2,1 - Restaurant,"35.9244845, -78.8434017"
156241,RED LOBSTER #0210,2014-07-30,,4,1 - Restaurant,"35.964781, -78.973173"
155757,PRIMAL FOOD AND SPIRITS,2014-07-07,,4,1 - Restaurant,"35.911033, -78.9371958"
155005,MI PERU PERUVIAN CUISINE,2014-06-03,,4,1 - Restaurant,"35.9645316, -78.9564501"
155282,MCALISTER'S DELI,2014-06-17,,4,1 - Restaurant,"35.9048471, -78.9355878"
155061,GRIFOL'S CAFETERIA SODEXO,2014-06-05,,4,1 - Restaurant,"35.9070347, -78.876914"
154137,SALSABANERO FRESH MEXICAN GRILL,2014-05-01,,3,1 - Restaurant,"35.990345, -78.8675109"
153366,WHICH WICH SUPERIOR SANDWICHES,2014-03-25,,2,1 - Restaurant,"35.992722, -78.903938"
153247,FOOD VISIONS,2014-03-18,,2,3 - Mobile Food,"35.9817995, -78.8776064"
155371,BULKOGI TRUCK,2014-06-23,,2,3 - Mobile Food,"35.9825514, -78.8779146"
160408,RTI INTERNATIONAL CAFE,2014-10-02,,4,1 - Restaurant,"35.903718, -78.86444"
160514,BOWL OF PHO,2014-10-06,,4,1 - Restaurant,"35.9290701, -78.8447092"
160386,ONLY BURGER,2014-10-01,,4,1 - Restaurant,"35.992722, -78.903938"
156428,KING'S AUTHENTIC PHILLY CHEESESTEAKS,2014-08-11,,2,3 - Mobile Food,"35.994464, -78.8800831"
160558,BAGUETTABOUTIT FOOD TRUCK,2014-10-07,,2,3 - Mobile Food,"35.9866934, -78.8636237"
160505,BULL CITY STREET FOOD,2014-10-06,,2,3 - Mobile Food,"35.994464, -78.8800831"
159596,TACOLANDIA,2014-09-02,,2,3 - Mobile Food,"35.9817995, -78.8776064"
156445,BAM POW CHOW,2014-08-13,,2,3 - Mobile Food,"35.994464, -78.8800831"
161255,SUBWAY NCCU,2014-10-30,,2,1 - Restaurant,"35.9753362, -78.8997552"
161812,BASAN,2014-12-23,,4,1 - Restaurant,"35.992722, -78.903938"
160560,FAY STREET GROCERY AND GRILL,2014-10-07,,2,2 - Food Stands,"35.99883, -78.880441"
160954,ROLLING BISTRO,2014-10-22,,2,3 - Mobile Food,"35.9832115, -78.9311482"
161743,GREAT WRAPS,2014-12-15,,2,2 - Food Stands,"35.9034702, -78.9430079"
161273,WHICH WICH,2014-11-04,,2,1 - Restaurant,"35.9054033, -78.9166521"
161136,TAQUERIA LA TRADICION,2014-10-29,,2,3 - Mobile Food,"35.990345, -78.8675109"
165720,FAVORITA DE LOS HERMANOS,2015-05-20,,2,3 - Mobile Food,"35.9832115, -78.9311482"
165479,CRUIZERS STORE 50,2015-05-07,,2,2 - Food Stands,"36.030079, -78.926576"
167044,RESIDENCE INN DURHAM MCPHERSON/DUKE UNIVERSITY M,2015-07-14,,2,1 - Restaurant,"36.001996, -78.9117799"
166489,THE BLUE NOTE GRILL,2015-06-23,,4,1 - Restaurant,"36.0043793, -78.9029456"
166939,FOOD LION PRODUCE 2593,2015-07-13,,2,2 - Food Stands,"35.963705, -78.908401"
166988,SNAP PEA CATERING,2015-07-15,,2,2 - Food Stands,"35.996597, -78.915869"
167829,DURHAM BULLS ATHLETIC PARK CART #2,2015-08-20,,2,4 - Push Carts,"35.991585, -78.904016"
167576,FOOD LION PRODUCE #234,2015-08-12,,2,2 - Food Stands,"35.9898862, -78.8567627"
167338,THE DOG HOUSE,2015-08-03,,2,2 - Food Stands,"36.0209816, -78.9510811"
168233,WILL AND POPS COMMISSARY,2015-09-02,,2,15 - Commissary (Pushcarts/Mobile Foods),"35.968657, -78.953113"
168439,LAID BACH PRODUCTIONS,2015-09-15,,2,1 - Restaurant,"35.968626, -78.903227"
168898,FRESH FROM THE KITCHEN,2015-10-05,,2,2 - Food Stands,"35.9967156, -78.9157737"
168081,JOHN WAYNE'S CATERING,2015-09-02,,2,2 - Food Stands,"35.9967156, -78.9157737"
168231,FOOD LION PRODUCE  #939,2015-09-03,,2,2 - Food Stands,"36.0318768, -78.9792006"
168897,BARNES BOXING IT UP,2015-10-05,,2,2 - Food Stands,"35.9967156, -78.9157737"
170284,THAI SPOON,2015-12-16,,4,1 - Restaurant,"36.0586094, -78.92796"
170312,ROMA PIZZA,2015-12-18,,2,1 - Restaurant,"35.9742205, -78.7930157"
170264,HARRIS TEETER 172 STARBUCKS,2015-12-15,,2,2 - Food Stands,"35.9597816, -78.9589011"
170787,COSINA MEXICANA LA PENA DE HOREB,2016-02-02,,2,3 - Mobile Food,"35.9833065, -78.9310186"
170777,TACOS DON FILY (TRAILER),2016-02-01,,2,3 - Mobile Food,"35.9817995, -78.8776064"
170723,COCOA CINNAMON,2016-01-27,,2,2 - Food Stands,"36.0116375, -78.9300357"
55474,BOJANGLES #10,1990-07-01,,3,1 - Restaurant,"35.9475193, -78.8376572"
169544,ITALIAN PIZZERIA SANDWICH,2015-10-28,,2,1 - Restaurant,"36.0188601, -78.9452456"
169255,FOOD LION PRODUCE  885,2015-10-14,,2,2 - Food Stands,"35.8990542, -78.898539"
170210,KANGAROO EXPRESS 2720104,2015-12-09,,2,2 - Food Stands,"35.9192699, -78.9603825"
169838,TOWN DELI GROCERY,2015-11-16,,2,2 - Food Stands,"35.9927487, -78.8860265"
169937,LOS AMIGOS DE OSMAN,2015-11-23,,2,3 - Mobile Food,"35.98828, -78.877934"
169328,MX,2015-10-19,,2,3 - Mobile Food,"35.9817995, -78.8776064"
170983,DEVILS KRAFT HOUSE,2016-02-16,,4,6 - Edu. Food Service,"36.0015142, -78.9391908"
173158,TRE FORNI,2016-04-11,,2,1 - Restaurant,"35.9182431, -78.9593533"
170846,MATATLAN,2016-02-04,,4,1 - Restaurant,"36.0586094, -78.92796"
172530,KANGAROO EXPRESS #2723477,2016-03-07,,2,2 - Food Stands,"36.0594371, -78.9024389"
173009,STAY FRESH VEG,2016-04-04,,2,2 - Food Stands,"35.9967156, -78.9157737"
170866,RAFA'S BURGERS,2016-02-04,,2,3 - Mobile Food,"35.9833065, -78.9310186"
173855,DUKE UNIVERSITY WEST UNION SKILLET SOUTHERN COOK,2016-05-10,,4,6 - Edu. Food Service,"36.0015142, -78.9391908"
173457,SYNGENTA CAFE AT KEYSTONE,2016-04-25,,4,1 - Restaurant,"35.8706042, -78.8617544"
173291,MONIQUE'S SOUTHERN STYLE CATERING,2016-04-18,,2,2 - Food Stands,"35.9967156, -78.9157737"
173179,OAK CITY FISH AND CHIPS II,2016-04-12,,2,3 - Mobile Food,"35.9942497, -78.8816627"
173786,THE DOG SHACK,2016-05-09,,2,4 - Push Carts,"35.9252353, -78.8431875"
173949,SABOR SOBRE RUEDAS,2016-05-16,,2,3 - Mobile Food,"35.9817995, -78.8776064"
174276,THE EGG HOUSE,2016-05-31,,2,3 - Mobile Food,"35.9826428, -78.8778187"
174026,CATRACHO EXPRESS,2016-05-18,,2,3 - Mobile Food,"35.981861, -78.87778"
173216,ALEX 1,2016-04-14,,2,4 - Push Carts,"35.9708359, -78.8668419"
57115,STARBUCK'S,2007-04-30,,2,1 - Restaurant,"35.8998691, -78.8963488"
57013,BIO MERIEUX,2006-03-08,,4,1 - Restaurant,"36.052639, -78.868694"
57050,KFC,2006-09-06,,3,1 - Restaurant,"35.9855189, -78.899255"
56398,TANDOOR IRON GRILL & PIZZA,1998-12-03,,4,1 - Restaurant,"35.8903019, -78.8961489"
56286,BLUE CORN CAFE,1997-07-16,,4,1 - Restaurant,"36.008423, -78.921811"
56279,ELMO'S DINER,1997-06-18,,4,1 - Restaurant,"36.010514, -78.921291"
56243,"SUBWAY, COFFEE WORLD, ICE CREAM",1996-12-16,,2,1 - Restaurant,"36.057099, -78.929782"
56358,BAYER CROP SCIENCE SODEXO,1998-05-14,,4,1 - Restaurant,"35.924749, -78.855293"
56278,CHINA PALACE EXPRESS,1997-06-17,,4,1 - Restaurant,"35.948537, -78.969432"
56443,RUBY TUESDAY 3185,1999-05-28,,4,1 - Restaurant,"35.9110424, -78.9377788"
56311,WAFFLE HOUSE,1997-10-29,,2,1 - Restaurant,"36.021501, -78.950084"
56253,WELLSPRING CAFE,1997-02-17,,4,1 - Restaurant,"36.0064988, -78.9199179"
56392,SUBWAY,1998-10-26,,2,1 - Restaurant,"36.0476091, -78.9057208"
58062,BURTON SCHOOL LUNCHROOM,1990-07-01,,4,11 - Public School Lunch,"35.978574, -78.8874699"
58077,HOLT SCHOOL LUNCHROOM,1991-09-06,,4,11 - Public School Lunch,"36.056501, -78.907827"
58071,SHERWOOD GITHENS MIDDLE SCHOOL LUNCH,1991-09-13,,3,11 - Public School Lunch,"35.945368, -78.980538"
58069,ENO VALLEY SCHOOL LUNCHROOM,1991-09-12,,4,11 - Public School Lunch,"36.0852456, -78.9143658"
58044,QUENCHERS,2008-02-20,,2,6 - Edu. Food Service,"36.00313, -78.9356771"
167755,LUNA ROTISSERIE AND EMPANADAS,2015-08-19,,4,1 - Restaurant,"35.9954828, -78.9008417"
167717,ISLA BONITA,2015-08-18,,4,1 - Restaurant,"36.0159768, -78.8884264"
167575,BAGUETTABOUTIT 2,2015-08-11,,2,3 - Mobile Food,"35.901372, -78.896347"
167997,FOOD LION PRODUCE  #747,2015-08-26,,2,2 - Food Stands,"36.0381335, -78.8935356"
167259,THE DOG HOUSE,2015-07-29,,2,2 - Food Stands,"36.0224501, -78.9181889"
170731,CATERING BY GEORGE,2016-01-28,,3,1 - Restaurant,"35.969228, -78.9022426"
170325,MAKUS EMPANADAS,2015-12-21,,4,1 - Restaurant,"35.9182215, -78.9575942"
170775,PICNIC,2016-02-01,,4,1 - Restaurant,"36.0404921, -78.9576037"
170964,SUBWAY,2016-02-11,,2,1 - Restaurant,"36.0070978, -78.9371233"
171004,MEGA DOGS,2016-02-17,,2,4 - Push Carts,"35.9708359, -78.8668419"
171241,RISE BISCUITS & DONUTS,2016-03-02,,2,2 - Food Stands,"35.9997297, -78.9016531"
169576,PEAK RESOURCES TREYBURN IFS,2015-10-29,,4,16 - Institutional Food Service,"36.098715, -78.8605946"
169648,BROOK WOOD INN,2015-11-03,,2,1 - Restaurant,"36.0092122, -78.9360315"
168971,COMFORT INN,2015-10-06,,2,1 - Restaurant,"36.030093, -78.9351"
168275,LUCIA,2015-09-10,,4,1 - Restaurant,"35.9984295, -78.9070529"
169428,THE HUMBLE PIG  AB54452,2015-10-23,,2,3 - Mobile Food,"35.968657, -78.953113"
169256,FOOD LION PRODUCE #420,2015-09-29,,2,2 - Food Stands,"36.0593523, -78.9273977"
168537,TASTY STOP,2015-09-22,,4,2 - Food Stands,"36.0503187, -78.9039488"
169297,NOT JUST DOGS TOO,2015-10-19,,2,4 - Push Carts,"35.9832589, -78.881495"
165082,THE FOREST AT DUKE TEMPORARY KITCHEN,2015-04-22,,4,16 - Institutional Food Service,"35.9737738, -78.9483332"
165396,ROCK'S BAR AND HAIR SHOP,2015-05-04,,1,1 - Restaurant,"35.995306, -78.901588"
166115,TACOS EL COCO LOCO,2015-06-05,,4,1 - Restaurant,"35.9881636, -78.9255076"
166057,JERSEY MIKE'S SUBS,2015-06-02,,2,1 - Restaurant,"35.9024949, -78.9365469"
166182,AGELGEL ETHIOPIAN CUISINE CATERING,2015-06-09,,2,2 - Food Stands,"35.996597, -78.915869"
164957,HOWARD LEE'S SUM TEAT,2015-04-16,,2,3 - Mobile Food,"35.9708168, -78.8667609"
166211,ALAKSHA'S CUSTOM CATERING,2015-06-10,,2,2 - Food Stands,"35.996597, -78.915869"
164866,LILI'S KITCHEN,2015-04-09,,2,3 - Mobile Food,"36.1369289, -78.762172"
165436,R & B GRILL,2015-05-06,,2,3 - Mobile Food,"36.0239843, -78.9510668"
167136,WINGSTOP RESTAURANT,2015-07-20,,2,1 - Restaurant,"35.8373221, -78.9636144"
166578,COURTYARD BY MARRIOTT,2015-06-29,,2,1 - Restaurant,"36.0296779, -78.9371908"
166853,THE DURHAM,2015-07-08,,4,1 - Restaurant,"35.9971254, -78.9009733"
166225,CHOPSTICKS,2015-06-09,,4,2 - Food Stands,"36.0201168, -78.9100018"
172703,HOPE VALLEY BREWING CO,2016-03-16,,4,1 - Restaurant,"35.9217064, -78.9584761"
173223,BOHEME,2016-04-12,,4,1 - Restaurant,"35.9526019, -78.9965465"
173985,CITY BARBEQUE,2016-05-16,,4,1 - Restaurant,"35.9113619, -78.937528"
172816,WENDY'S  11474,2016-03-23,,3,1 - Restaurant,"36.0522543, -78.9049128"
173157,CHIRBA CHIRBA DUMPLING 2,2016-04-11,,2,3 - Mobile Food,"35.9684924, -78.8764721"
173382,TACOS LA AURORA,2016-04-21,,2,3 - Mobile Food,"35.9833065, -78.9310186"
173013,OBVIO,2016-04-04,,2,2 - Food Stands,"35.9850751, -78.8984625"
172599,FOOD DELICIOUS,2016-03-10,,2,3 - Mobile Food,"35.9942497, -78.8816627"
174031,POSEIDEN'S,2016-05-19,,2,2 - Food Stands,"35.8987439, -78.8503645"
153093,TACO GRANDE,2014-03-10,,2,3 - Mobile Food,"35.9817995, -78.8776064"
98091,RESPITE CAFE,2012-02-15,,2,1 - Restaurant,"35.9999131, -78.9080088"
99203,PANERA BREAD #1645,2012-03-21,,4,1 - Restaurant,"35.9058532, -78.9374775"
100733,DELI-ICIOUS DC #102,2012-07-12,,2,3 - Mobile Food,"36.1369289, -78.762172"
100824,GUSSY'S DC #104,2012-07-25,,2,3 - Mobile Food,"36.1369289, -78.762172"
146604,TIJUANA FLATS,2013-08-07,,4,1 - Restaurant,"36.0079177, -78.9224203"
151407,HARRIS TEETER PRODUCE,2013-10-31,,2,2 - Food Stands,"36.0104241, -78.9240421"
147036,SALADELIA @ SANFORD,2013-08-26,,2,6 - Edu. Food Service,"36.1369289, -78.762172"
146635,TACOS COSTA GRANDE,2013-07-08,,2,3 - Mobile Food,"35.9236546, -78.8438803"
146563,DUKE MEDICINE PAVILLION,2013-06-25,,2,2 - Food Stands,"36.0058771, -78.9364232"
151381,TAQUERIA SAN PABLITO,2013-10-30,,2,3 - Mobile Food,"35.9817995, -78.8776064"
153351,ZAXBY'S,2014-03-12,,2,1 - Restaurant,"36.021758, -78.950539"
153745,COMFORT INN UNIVERSITY FOOD SERVICE,2014-04-10,,2,1 - Restaurant,"35.950238, -78.996071"
154091,HIBACHI 88,2014-04-29,,4,1 - Restaurant,"35.8988358, -78.8966676"
85111,BOWICK'S ARK,2011-01-11,,4,1 - Restaurant,"35.985231, -78.898345"
86759,LITTLE CAESARS PIZZA,2011-06-28,,2,2 - Food Stands,"35.991208, -78.868456"
85926,MOE'S SOUTHWEST GRILL,2011-04-19,,3,1 - Restaurant,"35.952197, -78.993073"
85660,SUSHINARA DBA CONFUSION,2011-03-23,,4,2 - Food Stands,"35.9236546, -78.8438803"
84225,WALMART DELI 2137,2010-10-06,,2,2 - Food Stands,"35.9542922, -78.9950388"
84903,DOMINO'S,2010-12-14,,2,2 - Food Stands,"36.023434, -78.9538369"
84008,DURHAM CATERING CO.,2010-09-27,,4,2 - Food Stands,"35.9458631, -78.942672"
87045,DANG GOOD DOGS,2011-07-11,,2,4 - Push Carts,"35.970766, -78.866791"
87040,SUMAN'S CATERING,2011-05-23,,2,2 - Food Stands,"36.1369289, -78.762172"
69061,KING'S DAUGHTERS INN KITCHEN,2009-04-17,,3,1 - Restaurant,"36.003753, -78.912327"
69995,WAL MART DELI 1614,2009-06-10,,3,2 - Food Stands,"36.0283299, -78.8435155"
80349,SPRINGHILL SUITES BY MARROTT,2010-04-16,,2,1 - Restaurant,"35.951915, -78.991894"
81078,WAFFLE HOUSE 844,2010-06-16,,2,1 - Restaurant,"35.9108629, -78.9350867"
80693,HOLIDAY INN EXPRESS BREAKFAST BAR,2010-05-11,,2,1 - Restaurant,"35.909788, -78.983154"
76847,AUNTIE ANNIE'S,2009-11-19,,2,2 - Food Stands,"35.905837, -78.9377839"
80695,KURAMA,2010-05-25,,4,1 - Restaurant,"35.971959, -78.951195"
79626,FAMILY FARE 315,2010-03-11,,2,1 - Restaurant,"35.989401, -78.859477"
76982,SUBWAY,2009-12-16,,2,1 - Restaurant,"36.016719, -78.888943"
88103,EL COYOTE BAR AND GRILL,2011-10-04,,4,1 - Restaurant,"35.981648, -78.819877"
97857,BOJANGLE'S TRIARC FOOD SYSTEMS INC,2012-01-11,,3,1 - Restaurant,"35.9421835, -78.9111023"
97635,RANDY'S PIZZA,2011-12-08,,4,1 - Restaurant,"35.9203321, -78.8112362"
97697,APPLEBEE'S,2011-12-06,,4,1 - Restaurant,"35.951642, -78.993649"
